Dispatch_ID,Kernel_Name,GPU_ID,queue-id,queue-index,pid,tid,Grid_Size,Workgroup_Size,LDS_Per_Workgroup,Scratch_Per_Workitem,Arch_VGPR,Accum_VGPR,SGPR,wave_size,sig,obj,DispatchNs,Start_Timestamp,End_Timestamp,CompleteNs
0,"void at::native::vectorized_elementwise_kernel<4, at::native::FillFunctor<int>, std::array<char*, 1ul> >(int, at::native::FillFunctor<int>, std::array<char*, 1ul>) [clone .kd]",2,0,0,444281,444281,256,256,0,0,12,4,32,64,0x0,0x7fd4d1bab100,3806496773132622,3806496773226489,3806496773230209,3806496773239751
1,"void at::native::elementwise_kernel<512, 1, at::native::gpu_kernel_impl<at::native::direct_copy_kernel_cuda(at::TensorIteratorBase&)::{lambda()#3}::operator()() const::{lambda()#4}::operator()() const::{lambda(long)#1}>(at::TensorIteratorBase&, at::native::direct_copy_kernel_cuda(at::TensorIteratorBase&)::{lambda()#3}::operator()() const::{lambda()#4}::operator()() const::{lambda(long)#1} const&)::{lambda(int)#1}>(int, at::native::gpu_kernel_impl<at::native::direct_copy_kernel_cuda(at::TensorIteratorBase&)::{lambda()#3}::operator()() const::{lambda()#4}::operator()() const::{lambda(long)#1}>(at::TensorIteratorBase&, at::native::direct_copy_kernel_cuda(at::TensorIteratorBase&)::{lambda()#3}::operator()() const::{lambda()#4}::operator()() const::{lambda(long)#1} const&)::{lambda(int)#1}) [clone .kd]",2,0,130,444281,444281,512,512,0,0,12,4,32,64,0x0,0x7fb4c92659c0,3806496794250369,3806496794270862,3806496794275102,3806496794275707
2,"void at::native::reduce_kernel<512, 1, at::native::ReduceOp<long, at::native::func_wrapper_t<long, at::native::sum_functor<long, long, long>::operator()(at::TensorIterator&)::{lambda(long, long)#2}>, unsigned int, long, 4, 4> >(at::native::ReduceOp<long, at::native::func_wrapper_t<long, at::native::sum_functor<long, long, long>::operator()(at::TensorIterator&)::{lambda(long, long)#2}>, unsigned int, long, 4, 4>) [clone .kd]",2,0,131,444281,444281,128,128,1536,80,36,4,80,64,0x0,0x7fb4c8e2e7c0,3806496800916065,3806496801134479,3806496801141359,3806496801141692
3,"void at::native::elementwise_kernel<512, 1, at::native::gpu_kernel_impl<at::native::direct_copy_kernel_cuda(at::TensorIteratorBase&)::{lambda()#3}::operator()() const::{lambda()#7}::operator()() const::{lambda(float)#1}>(at::TensorIteratorBase&, at::native::direct_copy_kernel_cuda(at::TensorIteratorBase&)::{lambda()#3}::operator()() const::{lambda()#7}::operator()() const::{lambda(float)#1} const&)::{lambda(int)#1}>(int, at::native::gpu_kernel_impl<at::native::direct_copy_kernel_cuda(at::TensorIteratorBase&)::{lambda()#3}::operator()() const::{lambda()#7}::operator()() const::{lambda(float)#1}>(at::TensorIteratorBase&, at::native::direct_copy_kernel_cuda(at::TensorIteratorBase&)::{lambda()#3}::operator()() const::{lambda()#7}::operator()() const::{lambda(float)#1} const&)::{lambda(int)#1}) [clone .kd]",2,0,134,444281,444281,512,512,0,0,12,4,32,64,0x0,0x7fb4c9265fc0,3806496805818209,3806496805833378,3806496805837618,3806496805838128
4,"void at::native::reduce_kernel<512, 1, at::native::ReduceOp<float, at::native::MeanOps<float, float, float, float>, unsigned int, float, 4, 4> >(at::native::ReduceOp<float, at::native::MeanOps<float, float, float, float>, unsigned int, float, 4, 4>) [clone .kd]",2,0,135,444281,444281,128,128,1024,48,28,4,80,64,0x0,0x7fd4d0117880,3806496809415285,3806496809433072,3806496809440432,3806496809440768
5,"void at::native::elementwise_kernel<512, 1, at::native::gpu_kernel_impl<at::native::direct_copy_kernel_cuda(at::TensorIteratorBase&)::{lambda()#3}::operator()() const::{lambda()#3}::operator()() const::{lambda(int)#1}>(at::TensorIteratorBase&, at::native::direct_copy_kernel_cuda(at::TensorIteratorBase&)::{lambda()#3}::operator()() const::{lambda()#3}::operator()() const::{lambda(int)#1} const&)::{lambda(int)#1}>(int, at::native::gpu_kernel_impl<at::native::direct_copy_kernel_cuda(at::TensorIteratorBase&)::{lambda()#3}::operator()() const::{lambda()#3}::operator()() const::{lambda(int)#1}>(at::TensorIteratorBase&, at::native::direct_copy_kernel_cuda(at::TensorIteratorBase&)::{lambda()#3}::operator()() const::{lambda()#3}::operator()() const::{lambda(int)#1} const&)::{lambda(int)#1}) [clone .kd]",2,0,136,444281,444281,512,512,0,0,12,4,32,64,0x0,0x7fb4c92657c0,3806496809477619,3806496809486712,3806496809491232,3806496809491414
6,"void at::native::reduce_kernel<512, 1, at::native::ReduceOp<int, at::native::func_wrapper_t<int, at::native::MaxNanFunctor<int> >, unsigned int, int, 4, 4> >(at::native::ReduceOp<int, at::native::func_wrapper_t<int, at::native::MaxNanFunctor<int> >, unsigned int, int, 4, 4>) [clone .kd]",2,0,139,444281,444281,128,128,1024,48,28,4,80,64,0x0,0x7fb4c8818080,3806496813754687,3806496813773329,3806496813779969,3806496813780504
7,"void at::native::(anonymous namespace)::distribution_elementwise_grid_stride_kernel<float, 4, at::native::templates::cuda::normal_and_transform<c10::Half, float, at::CUDAGeneratorImpl*, at::native::templates::cuda::normal_kernel<at::CUDAGeneratorImpl*>(at::TensorBase const&, double, double, at::CUDAGeneratorImpl*)::{lambda()#1}::operator()() const::{lambda()#3}::operator()() const::{lambda(float)#1}>(at::TensorIteratorBase&, at::CUDAGeneratorImpl*, at::native::templates::cuda::normal_kernel<at::CUDAGeneratorImpl*>(at::TensorBase const&, double, double, at::CUDAGeneratorImpl*)::{lambda()#1}::operator()() const::{lambda()#3}::operator()() const::{lambda(float)#1})::{lambda(hiprandStatePhilox4_32_10*)#2}, at::native::(anonymous namespace)::distribution_nullary_kernel<c10::Half, float, HIP_vector_type<float, 4u>, at::CUDAGeneratorImpl*, at::native::templates::cuda::normal_and_transform<c10::Half, float, at::CUDAGeneratorImpl*, at::native::templates::cuda::normal_kernel<at::CUDAGeneratorImpl*>(at::TensorBase const&, double, double, at::CUDAGeneratorImpl*)::{lambda()#1}::operator()() const::{lambda()#3}::operator()() const::{lambda(float)#1}>(at::TensorIteratorBase&, at::CUDAGeneratorImpl*, at::native::templates::cuda::normal_kernel<at::CUDAGeneratorImpl*>(at::TensorBase const&, double, double, at::CUDAGeneratorImpl*)::{lambda()#1}::operator()() const::{lambda()#3}::operator()() const::{lambda(float)#1})::{lambda(hiprandStatePhilox4_32_10*)#2}, at::native::templates::cuda::normal_kernel<at::CUDAGeneratorImpl*>(at::TensorBase const&, double, double, at::CUDAGeneratorImpl*)::{lambda()#1}::operator()() const::{lambda()#3}::operator()() const::{lambda(float)#1}>(at::TensorIteratorBase&, at::CUDAGeneratorImpl*, at::native::templates::cuda::normal_and_transform<c10::Half, float, at::CUDAGeneratorImpl*, at::native::templates::cuda::normal_kernel<at::CUDAGeneratorImpl*>(at::TensorBase const&, double, double, at::CUDAGeneratorImpl*)::{lambda()#1}::operator()() const::{lambda()#3}::operator()() const::{lambda(float)#1}>(at::TensorIteratorBase&, at::CUDAGeneratorImpl*, at::native::templates::cuda::normal_kernel<at::CUDAGeneratorImpl*>(at::TensorBase const&, double, double, at::CUDAGeneratorImpl*)::{lambda()#1}::operator()() const::{lambda()#3}::operator()() const::{lambda(float)#1})::{lambda(hiprandStatePhilox4_32_10*)#2} const&, at::native::templates::cuda::normal_kernel<at::CUDAGeneratorImpl*>(at::TensorBase const&, double, double, at::CUDAGeneratorImpl*)::{lambda()#1}::operator()() const::{lambda()#3}::operator()() const::{lambda(float)#1})::{lambda(int, float)#1}>(long, at::PhiloxCudaState, at::native::templates::cuda::normal_and_transform<c10::Half, float, at::CUDAGeneratorImpl*, at::native::templates::cuda::normal_kernel<at::CUDAGeneratorImpl*>(at::TensorBase const&, double, double, at::CUDAGeneratorImpl*)::{lambda()#1}::operator()() const::{lambda()#3}::operator()() const::{lambda(float)#1}>(at::TensorIteratorBase&, at::CUDAGeneratorImpl*, at::native::templates::cuda::normal_kernel<at::CUDAGeneratorImpl*>(at::TensorBase const&, double, double, at::CUDAGeneratorImpl*)::{lambda()#1}::operator()() const::{lambda()#3}::operator()() const::{lambda(float)#1})::{lambda(hiprandStatePhilox4_32_10*)#2}, at::native::(anonymous namespace)::distribution_nullary_kernel<c10::Half, float, HIP_vector_type<float, 4u>, at::CUDAGeneratorImpl*, at::native::templates::cuda::normal_and_transform<c10::Half, float, at::CUDAGeneratorImpl*, at::native::templates::cuda::normal_kernel<at::CUDAGeneratorImpl*>(at::TensorBase const&, double, double, at::CUDAGeneratorImpl*)::{lambda()#1}::operator()() const::{lambda()#3}::operator()() const::{lambda(float)#1}>(at::TensorIteratorBase&, at::CUDAGeneratorImpl*, at::native::templates::cuda::normal_kernel<at::CUDAGeneratorImpl*>(at::TensorBase const&, double, double, at::CUDAGeneratorImpl*)::{lambda()#1}::operator()() const::{lambda()#3}::operator()() const::{lambda(float)#1})::{lambda(hiprandStatePhilox4_32_10*)#2}, at::native::templates::cuda::normal_kernel<at::CUDAGeneratorImpl*>(at::TensorBase const&, double, double, at::CUDAGeneratorImpl*)::{lambda()#1}::operator()() const::{lambda()#3}::operator()() const::{lambda(float)#1}>(at::TensorIteratorBase&, at::CUDAGeneratorImpl*, at::native::templates::cuda::normal_and_transform<c10::Half, float, at::CUDAGeneratorImpl*, at::native::templates::cuda::normal_kernel<at::CUDAGeneratorImpl*>(at::TensorBase const&, double, double, at::CUDAGeneratorImpl*)::{lambda()#1}::operator()() const::{lambda()#3}::operator()() const::{lambda(float)#1}>(at::TensorIteratorBase&, at::CUDAGeneratorImpl*, at::native::templates::cuda::normal_kernel<at::CUDAGeneratorImpl*>(at::TensorBase const&, double, double, at::CUDAGeneratorImpl*)::{lambda()#1}::operator()() const::{lambda()#3}::operator()() const::{lambda(float)#1})::{lambda(hiprandStatePhilox4_32_10*)#2} const&, at::native::templates::cuda::normal_kernel<at::CUDAGeneratorImpl*>(at::TensorBase const&, double, double, at::CUDAGeneratorImpl*)::{lambda()#1}::operator()() const::{lambda()#3}::operator()() const::{lambda(float)#1})::{lambda(int, float)#1}) [clone .kd]",2,0,142,444281,444281,163840,256,0,0,56,0,48,64,0x0,0x7fd4d1b4be80,3806496815488453,3806496815506976,3806496815520936,3806496815521335
8,"void (anonymous namespace)::elementwise_kernel_with_index<int, at::native::arange_cuda_out(c10::Scalar const&, c10::Scalar const&, c10::Scalar const&, at::Tensor&)::{lambda()#1}::operator()() const::{lambda()#3}::operator()() const::{lambda(long)#1}>(int, at::native::arange_cuda_out(c10::Scalar const&, c10::Scalar const&, c10::Scalar const&, at::Tensor&)::{lambda()#1}::operator()() const::{lambda()#3}::operator()() const::{lambda(long)#1}, function_traits<at::native::arange_cuda_out(c10::Scalar const&, c10::Scalar const&, c10::Scalar const&, at::Tensor&)::{lambda()#1}::operator()() const::{lambda()#3}::operator()() const::{lambda(long)#1}>::result_type*) [clone .kd]",2,0,143,444281,444281,79872,128,0,0,4,4,16,64,0x0,0x7fd4d195ab00,3806496817955101,3806496817973976,3806496817976816,3806496817977158
9,"void at::native::(anonymous namespace)::distribution_elementwise_grid_stride_kernel<float, 4, at::native::templates::cuda::normal_and_transform<c10::Half, float, at::CUDAGeneratorImpl*, at::native::templates::cuda::normal_kernel<at::CUDAGeneratorImpl*>(at::TensorBase const&, double, double, at::CUDAGeneratorImpl*)::{lambda()#1}::operator()() const::{lambda()#3}::operator()() const::{lambda(float)#1}>(at::TensorIteratorBase&, at::CUDAGeneratorImpl*, at::native::templates::cuda::normal_kernel<at::CUDAGeneratorImpl*>(at::TensorBase const&, double, double, at::CUDAGeneratorImpl*)::{lambda()#1}::operator()() const::{lambda()#3}::operator()() const::{lambda(float)#1})::{lambda(hiprandStatePhilox4_32_10*)#2}, at::native::(anonymous namespace)::distribution_nullary_kernel<c10::Half, float, HIP_vector_type<float, 4u>, at::CUDAGeneratorImpl*, at::native::templates::cuda::normal_and_transform<c10::Half, float, at::CUDAGeneratorImpl*, at::native::templates::cuda::normal_kernel<at::CUDAGeneratorImpl*>(at::TensorBase const&, double, double, at::CUDAGeneratorImpl*)::{lambda()#1}::operator()() const::{lambda()#3}::operator()() const::{lambda(float)#1}>(at::TensorIteratorBase&, at::CUDAGeneratorImpl*, at::native::templates::cuda::normal_kernel<at::CUDAGeneratorImpl*>(at::TensorBase const&, double, double, at::CUDAGeneratorImpl*)::{lambda()#1}::operator()() const::{lambda()#3}::operator()() const::{lambda(float)#1})::{lambda(hiprandStatePhilox4_32_10*)#2}, at::native::templates::cuda::normal_kernel<at::CUDAGeneratorImpl*>(at::TensorBase const&, double, double, at::CUDAGeneratorImpl*)::{lambda()#1}::operator()() const::{lambda()#3}::operator()() const::{lambda(float)#1}>(at::TensorIteratorBase&, at::CUDAGeneratorImpl*, at::native::templates::cuda::normal_and_transform<c10::Half, float, at::CUDAGeneratorImpl*, at::native::templates::cuda::normal_kernel<at::CUDAGeneratorImpl*>(at::TensorBase const&, double, double, at::CUDAGeneratorImpl*)::{lambda()#1}::operator()() const::{lambda()#3}::operator()() const::{lambda(float)#1}>(at::TensorIteratorBase&, at::CUDAGeneratorImpl*, at::native::templates::cuda::normal_kernel<at::CUDAGeneratorImpl*>(at::TensorBase const&, double, double, at::CUDAGeneratorImpl*)::{lambda()#1}::operator()() const::{lambda()#3}::operator()() const::{lambda(float)#1})::{lambda(hiprandStatePhilox4_32_10*)#2} const&, at::native::templates::cuda::normal_kernel<at::CUDAGeneratorImpl*>(at::TensorBase const&, double, double, at::CUDAGeneratorImpl*)::{lambda()#1}::operator()() const::{lambda()#3}::operator()() const::{lambda(float)#1})::{lambda(int, float)#1}>(long, at::PhiloxCudaState, at::native::templates::cuda::normal_and_transform<c10::Half, float, at::CUDAGeneratorImpl*, at::native::templates::cuda::normal_kernel<at::CUDAGeneratorImpl*>(at::TensorBase const&, double, double, at::CUDAGeneratorImpl*)::{lambda()#1}::operator()() const::{lambda()#3}::operator()() const::{lambda(float)#1}>(at::TensorIteratorBase&, at::CUDAGeneratorImpl*, at::native::templates::cuda::normal_kernel<at::CUDAGeneratorImpl*>(at::TensorBase const&, double, double, at::CUDAGeneratorImpl*)::{lambda()#1}::operator()() const::{lambda()#3}::operator()() const::{lambda(float)#1})::{lambda(hiprandStatePhilox4_32_10*)#2}, at::native::(anonymous namespace)::distribution_nullary_kernel<c10::Half, float, HIP_vector_type<float, 4u>, at::CUDAGeneratorImpl*, at::native::templates::cuda::normal_and_transform<c10::Half, float, at::CUDAGeneratorImpl*, at::native::templates::cuda::normal_kernel<at::CUDAGeneratorImpl*>(at::TensorBase const&, double, double, at::CUDAGeneratorImpl*)::{lambda()#1}::operator()() const::{lambda()#3}::operator()() const::{lambda(float)#1}>(at::TensorIteratorBase&, at::CUDAGeneratorImpl*, at::native::templates::cuda::normal_kernel<at::CUDAGeneratorImpl*>(at::TensorBase const&, double, double, at::CUDAGeneratorImpl*)::{lambda()#1}::operator()() const::{lambda()#3}::operator()() const::{lambda(float)#1})::{lambda(hiprandStatePhilox4_32_10*)#2}, at::native::templates::cuda::normal_kernel<at::CUDAGeneratorImpl*>(at::TensorBase const&, double, double, at::CUDAGeneratorImpl*)::{lambda()#1}::operator()() const::{lambda()#3}::operator()() const::{lambda(float)#1}>(at::TensorIteratorBase&, at::CUDAGeneratorImpl*, at::native::templates::cuda::normal_and_transform<c10::Half, float, at::CUDAGeneratorImpl*, at::native::templates::cuda::normal_kernel<at::CUDAGeneratorImpl*>(at::TensorBase const&, double, double, at::CUDAGeneratorImpl*)::{lambda()#1}::operator()() const::{lambda()#3}::operator()() const::{lambda(float)#1}>(at::TensorIteratorBase&, at::CUDAGeneratorImpl*, at::native::templates::cuda::normal_kernel<at::CUDAGeneratorImpl*>(at::TensorBase const&, double, double, at::CUDAGeneratorImpl*)::{lambda()#1}::operator()() const::{lambda()#3}::operator()() const::{lambda(float)#1})::{lambda(hiprandStatePhilox4_32_10*)#2} const&, at::native::templates::cuda::normal_kernel<at::CUDAGeneratorImpl*>(at::TensorBase const&, double, double, at::CUDAGeneratorImpl*)::{lambda()#1}::operator()() const::{lambda()#3}::operator()() const::{lambda(float)#1})::{lambda(int, float)#1}) [clone .kd]",2,0,144,444281,444281,163840,256,0,0,56,0,48,64,0x0,0x7fd4d1b4be80,3806496818122789,3806496818137336,3806496822578114,3806496822590796
10,"void at::native::vectorized_elementwise_kernel<8, at::native::FillFunctor<c10::Half>, std::array<char*, 1ul> >(int, at::native::FillFunctor<c10::Half>, std::array<char*, 1ul>) [clone .kd]",2,0,147,444281,444281,493056,256,0,0,12,4,32,64,0x0,0x7fd4d1bac2c0,3806496822676473,3806496822686834,3806496822699874,3806496822700027
11,"void at::native::vectorized_elementwise_kernel<8, at::native::FillFunctor<c10::Half>, std::array<char*, 1ul> >(int, at::native::FillFunctor<c10::Half>, std::array<char*, 1ul>) [clone .kd]",2,0,150,444281,444281,514048,256,0,0,12,4,32,64,0x0,0x7fd4d1bac2c0,3806496822730741,3806496822739115,3806496822751635,3806496822751869
12,"void at::native::vectorized_elementwise_kernel<8, at::native::FillFunctor<c10::Half>, std::array<char*, 1ul> >(int, at::native::FillFunctor<c10::Half>, std::array<char*, 1ul>) [clone .kd]",2,0,153,444281,444281,235520,256,0,0,12,4,32,64,0x0,0x7fd4d1bac2c0,3806496822779350,3806496822787475,3806496822794195,3806496822794410
13,"void at::native::vectorized_elementwise_kernel<8, at::native::FillFunctor<c10::Half>, std::array<char*, 1ul> >(int, at::native::FillFunctor<c10::Half>, std::array<char*, 1ul>) [clone .kd]",2,0,156,444281,444281,700928,256,0,0,12,4,32,64,0x0,0x7fd4d1bac2c0,3806496822826928,3806496822834675,3806496822850955,3806496822851130
14,"void at::native::vectorized_elementwise_kernel<8, at::native::FillFunctor<c10::Half>, std::array<char*, 1ul> >(int, at::native::FillFunctor<c10::Half>, std::array<char*, 1ul>) [clone .kd]",2,0,159,444281,444281,718848,256,0,0,12,4,32,64,0x0,0x7fd4d1bac2c0,3806496822879414,3806496822887475,3806496822904075,3806496822904273
15,"void at::native::vectorized_elementwise_kernel<8, at::native::FillFunctor<c10::Half>, std::array<char*, 1ul> >(int, at::native::FillFunctor<c10::Half>, std::array<char*, 1ul>) [clone .kd]",2,0,162,444281,444281,344320,256,0,0,12,4,32,64,0x0,0x7fd4d1bac2c0,3806496822931795,3806496822939995,3806496822949115,3806496822949255
16,"void at::native::vectorized_elementwise_kernel<8, at::native::FillFunctor<c10::Half>, std::array<char*, 1ul> >(int, at::native::FillFunctor<c10::Half>, std::array<char*, 1ul>) [clone .kd]",2,0,165,444281,444281,718848,256,0,0,12,4,32,64,0x0,0x7fd4d1bac2c0,3806496822977947,3806496822985675,3806496823001996,3806496823002197
17,"void at::native::vectorized_elementwise_kernel<8, at::native::FillFunctor<c10::Half>, std::array<char*, 1ul> >(int, at::native::FillFunctor<c10::Half>, std::array<char*, 1ul>) [clone .kd]",2,0,168,444281,444281,424192,256,0,0,12,4,32,64,0x0,0x7fd4d1bac2c0,3806496823029256,3806496823036756,3806496823047636,3806496823047826
18,"void at::native::vectorized_elementwise_kernel<8, at::native::FillFunctor<c10::Half>, std::array<char*, 1ul> >(int, at::native::FillFunctor<c10::Half>, std::array<char*, 1ul>) [clone .kd]",2,0,171,444281,444281,114944,256,0,0,12,4,32,64,0x0,0x7fd4d1bac2c0,3806496823075105,3806496823082756,3806496823087116,3806496823087293
19,"void at::native::vectorized_elementwise_kernel<8, at::native::FillFunctor<c10::Half>, std::array<char*, 1ul> >(int, at::native::FillFunctor<c10::Half>, std::array<char*, 1ul>) [clone .kd]",2,0,174,444281,444281,603392,256,0,0,12,4,32,64,0x0,0x7fd4d1bac2c0,3806496823114510,3806496823122316,3806496823136716,3806496823137074
20,"void at::native::vectorized_elementwise_kernel<8, at::native::FillFunctor<c10::Half>, std::array<char*, 1ul> >(int, at::native::FillFunctor<c10::Half>, std::array<char*, 1ul>) [clone .kd]",2,0,177,444281,444281,577024,256,0,0,12,4,32,64,0x0,0x7fd4d1bac2c0,3806496823163764,3806496823171436,3806496823185276,3806496823186287
21,"void at::native::vectorized_elementwise_kernel<8, at::native::FillFunctor<c10::Half>, std::array<char*, 1ul> >(int, at::native::FillFunctor<c10::Half>, std::array<char*, 1ul>) [clone .kd]",2,0,180,444281,444281,459008,256,0,0,12,4,32,64,0x0,0x7fd4d1bac2c0,3806496823212371,3806496823219956,3806496823231596,3806496823232077
22,"void at::native::vectorized_elementwise_kernel<8, at::native::FillFunctor<c10::Half>, std::array<char*, 1ul> >(int, at::native::FillFunctor<c10::Half>, std::array<char*, 1ul>) [clone .kd]",2,0,183,444281,444281,482816,256,0,0,12,4,32,64,0x0,0x7fd4d1bac2c0,3806496823258026,3806496823265597,3806496823277357,3806496823277618
23,"void at::native::vectorized_elementwise_kernel<8, at::native::FillFunctor<c10::Half>, std::array<char*, 1ul> >(int, at::native::FillFunctor<c10::Half>, std::array<char*, 1ul>) [clone .kd]",2,0,186,444281,444281,474368,256,0,0,12,4,32,64,0x0,0x7fd4d1bac2c0,3806496823304706,3806496823312397,3806496823324237,3806496823324488
24,"void at::native::vectorized_elementwise_kernel<8, at::native::FillFunctor<c10::Half>, std::array<char*, 1ul> >(int, at::native::FillFunctor<c10::Half>, std::array<char*, 1ul>) [clone .kd]",2,0,189,444281,444281,517888,256,0,0,12,4,32,64,0x0,0x7fd4d1bac2c0,3806496823351396,3806496823359197,3806496823371757,3806496823373124
25,"void at::native::vectorized_elementwise_kernel<8, at::native::FillFunctor<c10::Half>, std::array<char*, 1ul> >(int, at::native::FillFunctor<c10::Half>, std::array<char*, 1ul>) [clone .kd]",2,0,192,444281,444281,448512,256,0,0,12,4,32,64,0x0,0x7fd4d1bac2c0,3806496823398801,3806496823406797,3806496823418037,3806496823418169
26,"void at::native::vectorized_elementwise_kernel<8, at::native::FillFunctor<c10::Half>, std::array<char*, 1ul> >(int, at::native::FillFunctor<c10::Half>, std::array<char*, 1ul>) [clone .kd]",2,0,195,444281,444281,710656,256,0,0,12,4,32,64,0x0,0x7fd4d1bac2c0,3806496823445460,3806496823453237,3806496823469637,3806496823469787
27,"void at::native::vectorized_elementwise_kernel<8, at::native::FillFunctor<c10::Half>, std::array<char*, 1ul> >(int, at::native::FillFunctor<c10::Half>, std::array<char*, 1ul>) [clone .kd]",2,0,198,444281,444281,657664,256,0,0,12,4,32,64,0x0,0x7fd4d1bac2c0,3806496823495481,3806496823503318,3806496823518478,3806496823518646
28,"void at::native::vectorized_elementwise_kernel<8, at::native::FillFunctor<c10::Half>, std::array<char*, 1ul> >(int, at::native::FillFunctor<c10::Half>, std::array<char*, 1ul>) [clone .kd]",2,0,201,444281,444281,533504,256,0,0,12,4,32,64,0x0,0x7fd4d1bac2c0,3806496823546897,3806496823554718,3806496823567318,3806496823567702
29,"void at::native::vectorized_elementwise_kernel<8, at::native::FillFunctor<c10::Half>, std::array<char*, 1ul> >(int, at::native::FillFunctor<c10::Half>, std::array<char*, 1ul>) [clone .kd]",2,0,204,444281,444281,333824,256,0,0,12,4,32,64,0x0,0x7fd4d1bac2c0,3806496823595188,3806496823602478,3806496823611318,3806496823611476
30,"void at::native::vectorized_elementwise_kernel<8, at::native::FillFunctor<c10::Half>, std::array<char*, 1ul> >(int, at::native::FillFunctor<c10::Half>, std::array<char*, 1ul>) [clone .kd]",2,0,207,444281,444281,337408,256,0,0,12,4,32,64,0x0,0x7fd4d1bac2c0,3806496823639844,3806496823647478,3806496823656318,3806496823656576
31,"void at::native::vectorized_elementwise_kernel<8, at::native::FillFunctor<c10::Half>, std::array<char*, 1ul> >(int, at::native::FillFunctor<c10::Half>, std::array<char*, 1ul>) [clone .kd]",2,0,210,444281,444281,542976,256,0,0,12,4,32,64,0x0,0x7fd4d1bac2c0,3806496823684590,3806496823692238,3806496823705238,3806496823706518
32,"void at::native::vectorized_elementwise_kernel<8, at::native::FillFunctor<c10::Half>, std::array<char*, 1ul> >(int, at::native::FillFunctor<c10::Half>, std::array<char*, 1ul>) [clone .kd]",2,0,213,444281,444281,305408,256,0,0,12,4,32,64,0x0,0x7fd4d1bac2c0,3806496823731356,3806496823739438,3806496823747718,3806496823747865
33,"void at::native::vectorized_elementwise_kernel<8, at::native::FillFunctor<c10::Half>, std::array<char*, 1ul> >(int, at::native::FillFunctor<c10::Half>, std::array<char*, 1ul>) [clone .kd]",2,0,216,444281,444281,582144,256,0,0,12,4,32,64,0x0,0x7fd4d1bac2c0,3806496823777192,3806496823784759,3806496823798759,3806496823799531
34,"void at::native::vectorized_elementwise_kernel<8, at::native::FillFunctor<c10::Half>, std::array<char*, 1ul> >(int, at::native::FillFunctor<c10::Half>, std::array<char*, 1ul>) [clone .kd]",2,0,219,444281,444281,404224,256,0,0,12,4,32,64,0x0,0x7fd4d1bac2c0,3806496823826428,3806496823834159,3806496823844639,3806496823844808
35,"void at::native::vectorized_elementwise_kernel<8, at::native::FillFunctor<c10::Half>, std::array<char*, 1ul> >(int, at::native::FillFunctor<c10::Half>, std::array<char*, 1ul>) [clone .kd]",2,0,222,444281,444281,445696,256,0,0,12,4,32,64,0x0,0x7fd4d1bac2c0,3806496823872553,3806496823880279,3806496823891599,3806496823891827
36,"void at::native::vectorized_elementwise_kernel<8, at::native::FillFunctor<c10::Half>, std::array<char*, 1ul> >(int, at::native::FillFunctor<c10::Half>, std::array<char*, 1ul>) [clone .kd]",2,0,225,444281,444281,301056,256,0,0,12,4,32,64,0x0,0x7fd4d1bac2c0,3806496823919321,3806496823927159,3806496823935439,3806496823935754
37,"void at::native::vectorized_elementwise_kernel<8, at::native::FillFunctor<c10::Half>, std::array<char*, 1ul> >(int, at::native::FillFunctor<c10::Half>, std::array<char*, 1ul>) [clone .kd]",2,0,228,444281,444281,368640,256,0,0,12,4,32,64,0x0,0x7fd4d1bac2c0,3806496823965574,3806496823973639,3806496823983319,3806496823983634
38,"void at::native::vectorized_elementwise_kernel<8, at::native::FillFunctor<c10::Half>, std::array<char*, 1ul> >(int, at::native::FillFunctor<c10::Half>, std::array<char*, 1ul>) [clone .kd]",2,0,231,444281,444281,509184,256,0,0,12,4,32,64,0x0,0x7fd4d1bac2c0,3806496824011936,3806496824019320,3806496824031680,3806496824031987
39,"void at::native::vectorized_elementwise_kernel<8, at::native::FillFunctor<c10::Half>, std::array<char*, 1ul> >(int, at::native::FillFunctor<c10::Half>, std::array<char*, 1ul>) [clone .kd]",2,0,234,444281,444281,196864,256,0,0,12,4,32,64,0x0,0x7fd4d1bac2c0,3806496824058898,3806496824066640,3806496824074000,3806496824074165
40,"void at::native::vectorized_elementwise_kernel<8, at::native::FillFunctor<c10::Half>, std::array<char*, 1ul> >(int, at::native::FillFunctor<c10::Half>, std::array<char*, 1ul>) [clone .kd]",2,0,237,444281,444281,412928,256,0,0,12,4,32,64,0x0,0x7fd4d1bac2c0,3806496824105000,3806496824112800,3806496824123040,3806496824123253
41,"void at::native::vectorized_elementwise_kernel<8, at::native::FillFunctor<c10::Half>, std::array<char*, 1ul> >(int, at::native::FillFunctor<c10::Half>, std::array<char*, 1ul>) [clone .kd]",2,0,240,444281,444281,316928,256,0,0,12,4,32,64,0x0,0x7fd4d1bac2c0,3806496824151526,3806496824159600,3806496824168240,3806496824168572
42,"void at::native::vectorized_elementwise_kernel<8, at::native::FillFunctor<c10::Half>, std::array<char*, 1ul> >(int, at::native::FillFunctor<c10::Half>, std::array<char*, 1ul>) [clone .kd]",2,0,243,444281,444281,655872,256,0,0,12,4,32,64,0x0,0x7fd4d1bac2c0,3806496824197897,3806496824205680,3806496824221600,3806496824221868
43,"void at::native::vectorized_elementwise_kernel<8, at::native::FillFunctor<c10::Half>, std::array<char*, 1ul> >(int, at::native::FillFunctor<c10::Half>, std::array<char*, 1ul>) [clone .kd]",2,0,246,444281,444281,414464,256,0,0,12,4,32,64,0x0,0x7fd4d1bac2c0,3806496824247982,3806496824255881,3806496824266441,3806496824266705
44,"void at::native::vectorized_elementwise_kernel<8, at::native::FillFunctor<c10::Half>, std::array<char*, 1ul> >(int, at::native::FillFunctor<c10::Half>, std::array<char*, 1ul>) [clone .kd]",2,0,249,444281,444281,329472,256,0,0,12,4,32,64,0x0,0x7fd4d1bac2c0,3806496824294514,3806496824302001,3806496824310681,3806496824310869
45,"void at::native::vectorized_elementwise_kernel<8, at::native::FillFunctor<c10::Half>, std::array<char*, 1ul> >(int, at::native::FillFunctor<c10::Half>, std::array<char*, 1ul>) [clone .kd]",2,0,252,444281,444281,560384,256,0,0,12,4,32,64,0x0,0x7fd4d1bac2c0,3806496824340488,3806496824348041,3806496824361281,3806496824362042
46,"void at::native::vectorized_elementwise_kernel<8, at::native::FillFunctor<c10::Half>, std::array<char*, 1ul> >(int, at::native::FillFunctor<c10::Half>, std::array<char*, 1ul>) [clone .kd]",2,0,255,444281,444281,492544,256,0,0,12,4,32,64,0x0,0x7fd4d1bac2c0,3806496824389579,3806496824397161,3806496824409401,3806496824409748
47,"void at::native::vectorized_elementwise_kernel<8, at::native::FillFunctor<c10::Half>, std::array<char*, 1ul> >(int, at::native::FillFunctor<c10::Half>, std::array<char*, 1ul>) [clone .kd]",2,0,258,444281,444281,210176,256,0,0,12,4,32,64,0x0,0x7fd4d1bac2c0,3806496824437466,3806496824445041,3806496824452321,3806496824452490
48,"void at::native::vectorized_elementwise_kernel<8, at::native::FillFunctor<c10::Half>, std::array<char*, 1ul> >(int, at::native::FillFunctor<c10::Half>, std::array<char*, 1ul>) [clone .kd]",2,0,261,444281,444281,483328,256,0,0,12,4,32,64,0x0,0x7fd4d1bac2c0,3806496824483088,3806496824490721,3806496824502641,3806496824502942
49,"void at::native::vectorized_elementwise_kernel<8, at::native::FillFunctor<c10::Half>, std::array<char*, 1ul> >(int, at::native::FillFunctor<c10::Half>, std::array<char*, 1ul>) [clone .kd]",2,0,264,444281,444281,487680,256,0,0,12,4,32,64,0x0,0x7fd4d1bac2c0,3806496824530019,3806496824537722,3806496824549602,3806496824549938
50,"void at::native::vectorized_elementwise_kernel<8, at::native::FillFunctor<c10::Half>, std::array<char*, 1ul> >(int, at::native::FillFunctor<c10::Half>, std::array<char*, 1ul>) [clone .kd]",2,0,267,444281,444281,321792,256,0,0,12,4,32,64,0x0,0x7fd4d1bac2c0,3806496824576851,3806496824585242,3806496824593922,3806496824594084
51,"void at::native::vectorized_elementwise_kernel<8, at::native::FillFunctor<c10::Half>, std::array<char*, 1ul> >(int, at::native::FillFunctor<c10::Half>, std::array<char*, 1ul>) [clone .kd]",2,0,270,444281,444281,203520,256,0,0,12,4,32,64,0x0,0x7fd4d1bac2c0,3806496824624067,3806496824631722,3806496824638642,3806496824638900
52,"void at::native::vectorized_elementwise_kernel<8, at::native::FillFunctor<c10::Half>, std::array<char*, 1ul> >(int, at::native::FillFunctor<c10::Half>, std::array<char*, 1ul>) [clone .kd]",2,0,273,444281,444281,258048,256,0,0,12,4,32,64,0x0,0x7fd4d1bac2c0,3806496824669024,3806496824676762,3806496824683962,3806496824684213
53,"void at::native::vectorized_elementwise_kernel<8, at::native::FillFunctor<c10::Half>, std::array<char*, 1ul> >(int, at::native::FillFunctor<c10::Half>, std::array<char*, 1ul>) [clone .kd]",2,0,276,444281,444281,191232,256,0,0,12,4,32,64,0x0,0x7fd4d1bac2c0,3806496824716043,3806496824723882,3806496824729602,3806496824729801
54,"void at::native::vectorized_elementwise_kernel<8, at::native::FillFunctor<c10::Half>, std::array<char*, 1ul> >(int, at::native::FillFunctor<c10::Half>, std::array<char*, 1ul>) [clone .kd]",2,0,279,444281,444281,459008,256,0,0,12,4,32,64,0x0,0x7fd4d1bac2c0,3806496824760187,3806496824767723,3806496824778923,3806496824779223
55,"void at::native::vectorized_elementwise_kernel<8, at::native::FillFunctor<c10::Half>, std::array<char*, 1ul> >(int, at::native::FillFunctor<c10::Half>, std::array<char*, 1ul>) [clone .kd]",2,0,282,444281,444281,677120,256,0,0,12,4,32,64,0x0,0x7fd4d1bac2c0,3806496824806831,3806496824814603,3806496824830203,3806496824830423
56,"void at::native::vectorized_elementwise_kernel<8, at::native::FillFunctor<c10::Half>, std::array<char*, 1ul> >(int, at::native::FillFunctor<c10::Half>, std::array<char*, 1ul>) [clone .kd]",2,0,285,444281,444281,605184,256,0,0,12,4,32,64,0x0,0x7fd4d1bac2c0,3806496824858123,3806496824865443,3806496824879843,3806496824879914
57,"void at::native::vectorized_elementwise_kernel<8, at::native::FillFunctor<c10::Half>, std::array<char*, 1ul> >(int, at::native::FillFunctor<c10::Half>, std::array<char*, 1ul>) [clone .kd]",2,0,288,444281,444281,536064,256,0,0,12,4,32,64,0x0,0x7fd4d1bac2c0,3806496824906674,3806496824914003,3806496824926963,3806496824928283
58,"void at::native::vectorized_elementwise_kernel<8, at::native::FillFunctor<c10::Half>, std::array<char*, 1ul> >(int, at::native::FillFunctor<c10::Half>, std::array<char*, 1ul>) [clone .kd]",2,0,291,444281,444281,492288,256,0,0,12,4,32,64,0x0,0x7fd4d1bac2c0,3806496824953797,3806496824961123,3806496824973283,3806496824973589
59,"void at::native::vectorized_elementwise_kernel<8, at::native::FillFunctor<c10::Half>, std::array<char*, 1ul> >(int, at::native::FillFunctor<c10::Half>, std::array<char*, 1ul>) [clone .kd]",2,0,294,444281,444281,615936,256,0,0,12,4,32,64,0x0,0x7fd4d1bac2c0,3806496825000642,3806496825008203,3806496825022324,3806496825022885
60,"void at::native::vectorized_elementwise_kernel<8, at::native::FillFunctor<c10::Half>, std::array<char*, 1ul> >(int, at::native::FillFunctor<c10::Half>, std::array<char*, 1ul>) [clone .kd]",2,0,297,444281,444281,560128,256,0,0,12,4,32,64,0x0,0x7fd4d1bac2c0,3806496825051325,3806496825059004,3806496825072324,3806496825072948
61,"void at::native::vectorized_elementwise_kernel<8, at::native::FillFunctor<c10::Half>, std::array<char*, 1ul> >(int, at::native::FillFunctor<c10::Half>, std::array<char*, 1ul>) [clone .kd]",2,0,300,444281,444281,364288,256,0,0,12,4,32,64,0x0,0x7fd4d1bac2c0,3806496825097996,3806496825105964,3806496825115644,3806496825115785
62,"void at::native::vectorized_elementwise_kernel<8, at::native::FillFunctor<c10::Half>, std::array<char*, 1ul> >(int, at::native::FillFunctor<c10::Half>, std::array<char*, 1ul>) [clone .kd]",2,0,303,444281,444281,404736,256,0,0,12,4,32,64,0x0,0x7fd4d1bac2c0,3806496825143235,3806496825150764,3806496825161164,3806496825161381
63,"void at::native::vectorized_elementwise_kernel<8, at::native::FillFunctor<c10::Half>, std::array<char*, 1ul> >(int, at::native::FillFunctor<c10::Half>, std::array<char*, 1ul>) [clone .kd]",2,0,306,444281,444281,579328,256,0,0,12,4,32,64,0x0,0x7fd4d1bac2c0,3806496825189136,3806496825196444,3806496825210204,3806496825210636
64,"void at::native::vectorized_elementwise_kernel<8, at::native::FillFunctor<c10::Half>, std::array<char*, 1ul> >(int, at::native::FillFunctor<c10::Half>, std::array<char*, 1ul>) [clone .kd]",2,0,309,444281,444281,17152,256,0,0,12,4,32,64,0x0,0x7fd4d1bac2c0,3806496825237370,3806496825245004,3806496825247204,3806496825247362
65,"void at::native::vectorized_elementwise_kernel<8, at::native::FillFunctor<c10::Half>, std::array<char*, 1ul> >(int, at::native::FillFunctor<c10::Half>, std::array<char*, 1ul>) [clone .kd]",2,0,312,444281,444281,409856,256,0,0,12,4,32,64,0x0,0x7fd4d1bac2c0,3806496825275955,3806496825283645,3806496825293925,3806496825294138
66,"void at::native::vectorized_elementwise_kernel<8, at::native::FillFunctor<c10::Half>, std::array<char*, 1ul> >(int, at::native::FillFunctor<c10::Half>, std::array<char*, 1ul>) [clone .kd]",2,0,315,444281,444281,697344,256,0,0,12,4,32,64,0x0,0x7fd4d1bac2c0,3806496825322045,3806496825329765,3806496825345805,3806496825345914
67,"void at::native::vectorized_elementwise_kernel<8, at::native::FillFunctor<c10::Half>, std::array<char*, 1ul> >(int, at::native::FillFunctor<c10::Half>, std::array<char*, 1ul>) [clone .kd]",2,0,318,444281,444281,485888,256,0,0,12,4,32,64,0x0,0x7fd4d1bac2c0,3806496825372273,3806496825379805,3806496825391725,3806496825391980
68,"void at::native::vectorized_elementwise_kernel<8, at::native::FillFunctor<c10::Half>, std::array<char*, 1ul> >(int, at::native::FillFunctor<c10::Half>, std::array<char*, 1ul>) [clone .kd]",2,0,321,444281,444281,465408,256,0,0,12,4,32,64,0x0,0x7fd4d1bac2c0,3806496825420185,3806496825427845,3806496825439405,3806496825439852
69,"void at::native::vectorized_elementwise_kernel<8, at::native::FillFunctor<c10::Half>, std::array<char*, 1ul> >(int, at::native::FillFunctor<c10::Half>, std::array<char*, 1ul>) [clone .kd]",2,0,324,444281,444281,396288,256,0,0,12,4,32,64,0x0,0x7fd4d1bac2c0,3806496825465962,3806496825473565,3806496825484005,3806496825484128
70,"void at::native::vectorized_elementwise_kernel<8, at::native::FillFunctor<c10::Half>, std::array<char*, 1ul> >(int, at::native::FillFunctor<c10::Half>, std::array<char*, 1ul>) [clone .kd]",2,0,327,444281,444281,210944,256,0,0,12,4,32,64,0x0,0x7fd4d1bac2c0,3806496825511330,3806496825518766,3806496825525846,3806496825526051
71,"void at::native::vectorized_elementwise_kernel<8, at::native::FillFunctor<c10::Half>, std::array<char*, 1ul> >(int, at::native::FillFunctor<c10::Half>, std::array<char*, 1ul>) [clone .kd]",2,0,330,444281,444281,252672,256,0,0,12,4,32,64,0x0,0x7fd4d1bac2c0,3806496825557270,3806496825564806,3806496825571966,3806496825572159
72,"void at::native::vectorized_elementwise_kernel<8, at::native::FillFunctor<c10::Half>, std::array<char*, 1ul> >(int, at::native::FillFunctor<c10::Half>, std::array<char*, 1ul>) [clone .kd]",2,0,333,444281,444281,574720,256,0,0,12,4,32,64,0x0,0x7fd4d1bac2c0,3806496825605154,3806496825612846,3806496825626606,3806496825626822
73,"void at::native::vectorized_elementwise_kernel<8, at::native::FillFunctor<c10::Half>, std::array<char*, 1ul> >(int, at::native::FillFunctor<c10::Half>, std::array<char*, 1ul>) [clone .kd]",2,0,336,444281,444281,177664,256,0,0,12,4,32,64,0x0,0x7fd4d1bac2c0,3806496825654289,3806496825662166,3806496825667966,3806496825668152
74,"void at::native::vectorized_elementwise_kernel<8, at::native::FillFunctor<c10::Half>, std::array<char*, 1ul> >(int, at::native::FillFunctor<c10::Half>, std::array<char*, 1ul>) [clone .kd]",2,0,339,444281,444281,230400,256,0,0,12,4,32,64,0x0,0x7fd4d1bac2c0,3806496825697288,3806496825705246,3806496825713086,3806496825713309
75,"void at::native::vectorized_elementwise_kernel<8, at::native::FillFunctor<c10::Half>, std::array<char*, 1ul> >(int, at::native::FillFunctor<c10::Half>, std::array<char*, 1ul>) [clone .kd]",2,0,342,444281,444281,409856,256,0,0,12,4,32,64,0x0,0x7fd4d1bac2c0,3806496825742874,3806496825750366,3806496825761086,3806496825761287
76,"void at::native::vectorized_elementwise_kernel<8, at::native::FillFunctor<c10::Half>, std::array<char*, 1ul> >(int, at::native::FillFunctor<c10::Half>, std::array<char*, 1ul>) [clone .kd]",2,0,345,444281,444281,459776,256,0,0,12,4,32,64,0x0,0x7fd4d1bac2c0,3806496825791547,3806496825799927,3806496825811007,3806496825811245
77,"void at::native::vectorized_elementwise_kernel<8, at::native::FillFunctor<c10::Half>, std::array<char*, 1ul> >(int, at::native::FillFunctor<c10::Half>, std::array<char*, 1ul>) [clone .kd]",2,0,348,444281,444281,243968,256,0,0,12,4,32,64,0x0,0x7fd4d1bac2c0,3806496825837018,3806496825844407,3806496825851367,3806496825851495
78,"void at::native::vectorized_elementwise_kernel<8, at::native::FillFunctor<c10::Half>, std::array<char*, 1ul> >(int, at::native::FillFunctor<c10::Half>, std::array<char*, 1ul>) [clone .kd]",2,0,351,444281,444281,499200,256,0,0,12,4,32,64,0x0,0x7fd4d1bac2c0,3806496825882640,3806496825890167,3806496825902287,3806496825902537
79,"void at::native::vectorized_elementwise_kernel<8, at::native::FillFunctor<c10::Half>, std::array<char*, 1ul> >(int, at::native::FillFunctor<c10::Half>, std::array<char*, 1ul>) [clone .kd]",2,0,354,444281,444281,589312,256,0,0,12,4,32,64,0x0,0x7fd4d1bac2c0,3806496825929151,3806496825936647,3806496825950487,3806496825950725
80,"void at::native::vectorized_elementwise_kernel<8, at::native::FillFunctor<c10::Half>, std::array<char*, 1ul> >(int, at::native::FillFunctor<c10::Half>, std::array<char*, 1ul>) [clone .kd]",2,0,357,444281,444281,613888,256,0,0,12,4,32,64,0x0,0x7fd4d1bac2c0,3806496825978315,3806496825985687,3806496825999967,3806496826000422
81,"void at::native::vectorized_elementwise_kernel<8, at::native::FillFunctor<c10::Half>, std::array<char*, 1ul> >(int, at::native::FillFunctor<c10::Half>, std::array<char*, 1ul>) [clone .kd]",2,0,360,444281,444281,344832,256,0,0,12,4,32,64,0x0,0x7fd4d1bac2c0,3806496826027903,3806496826035408,3806496826044568,3806496826044721
82,"void at::native::vectorized_elementwise_kernel<8, at::native::FillFunctor<c10::Half>, std::array<char*, 1ul> >(int, at::native::FillFunctor<c10::Half>, std::array<char*, 1ul>) [clone .kd]",2,0,363,444281,444281,282112,256,0,0,12,4,32,64,0x0,0x7fd4d1bac2c0,3806496826074018,3806496826081368,3806496826089128,3806496826089367
83,"void at::native::vectorized_elementwise_kernel<8, at::native::FillFunctor<c10::Half>, std::array<char*, 1ul> >(int, at::native::FillFunctor<c10::Half>, std::array<char*, 1ul>) [clone .kd]",2,0,366,444281,444281,265984,256,0,0,12,4,32,64,0x0,0x7fd4d1bac2c0,3806496826122975,3806496826130288,3806496826137888,3806496826138124
84,"void at::native::vectorized_elementwise_kernel<8, at::native::FillFunctor<c10::Half>, std::array<char*, 1ul> >(int, at::native::FillFunctor<c10::Half>, std::array<char*, 1ul>) [clone .kd]",2,0,369,444281,444281,251136,256,0,0,12,4,32,64,0x0,0x7fd4d1bac2c0,3806496826168732,3806496826176448,3806496826184048,3806496826184278
85,"void at::native::vectorized_elementwise_kernel<8, at::native::FillFunctor<c10::Half>, std::array<char*, 1ul> >(int, at::native::FillFunctor<c10::Half>, std::array<char*, 1ul>) [clone .kd]",2,0,372,444281,444281,358912,256,0,0,12,4,32,64,0x0,0x7fd4d1bac2c0,3806496826214606,3806496826222248,3806496826231888,3806496826232206
86,"void at::native::vectorized_elementwise_kernel<8, at::native::FillFunctor<c10::Half>, std::array<char*, 1ul> >(int, at::native::FillFunctor<c10::Half>, std::array<char*, 1ul>) [clone .kd]",2,0,375,444281,444281,655616,256,0,0,12,4,32,64,0x0,0x7fd4d1bac2c0,3806496826260387,3806496826268248,3806496826283369,3806496826283499
87,"void at::native::vectorized_elementwise_kernel<8, at::native::FillFunctor<c10::Half>, std::array<char*, 1ul> >(int, at::native::FillFunctor<c10::Half>, std::array<char*, 1ul>) [clone .kd]",2,0,378,444281,444281,280064,256,0,0,12,4,32,64,0x0,0x7fd4d1bac2c0,3806496826308438,3806496826316169,3806496826323889,3806496826324091
88,"void at::native::vectorized_elementwise_kernel<8, at::native::FillFunctor<c10::Half>, std::array<char*, 1ul> >(int, at::native::FillFunctor<c10::Half>, std::array<char*, 1ul>) [clone .kd]",2,0,381,444281,444281,218112,256,0,0,12,4,32,64,0x0,0x7fd4d1bac2c0,3806496826353409,3806496826360849,3806496826367409,3806496826367669
89,"void at::native::vectorized_elementwise_kernel<8, at::native::FillFunctor<c10::Half>, std::array<char*, 1ul> >(int, at::native::FillFunctor<c10::Half>, std::array<char*, 1ul>) [clone .kd]",2,0,384,444281,444281,399360,256,0,0,12,4,32,64,0x0,0x7fd4d1bac2c0,3806496826398578,3806496826406089,3806496826416049,3806496826416292
90,"void at::native::vectorized_elementwise_kernel<8, at::native::FillFunctor<c10::Half>, std::array<char*, 1ul> >(int, at::native::FillFunctor<c10::Half>, std::array<char*, 1ul>) [clone .kd]",2,0,387,444281,444281,627712,256,0,0,12,4,32,64,0x0,0x7fd4d1bac2c0,3806496826444040,3806496826451409,3806496826466289,3806496826466407
91,"void at::native::vectorized_elementwise_kernel<8, at::native::FillFunctor<c10::Half>, std::array<char*, 1ul> >(int, at::native::FillFunctor<c10::Half>, std::array<char*, 1ul>) [clone .kd]",2,0,390,444281,444281,235264,256,0,0,12,4,32,64,0x0,0x7fd4d1bac2c0,3806496826493121,3806496826500689,3806496826507769,3806496826508012
92,"void at::native::vectorized_elementwise_kernel<8, at::native::FillFunctor<c10::Half>, std::array<char*, 1ul> >(int, at::native::FillFunctor<c10::Half>, std::array<char*, 1ul>) [clone .kd]",2,0,393,444281,444281,329216,256,0,0,12,4,32,64,0x0,0x7fd4d1bac2c0,3806496826538069,3806496826545890,3806496826554650,3806496826554938
93,"void at::native::vectorized_elementwise_kernel<8, at::native::FillFunctor<c10::Half>, std::array<char*, 1ul> >(int, at::native::FillFunctor<c10::Half>, std::array<char*, 1ul>) [clone .kd]",2,0,396,444281,444281,423680,256,0,0,12,4,32,64,0x0,0x7fd4d1bac2c0,3806496826583543,3806496826591050,3806496826601610,3806496826601866
94,"void at::native::vectorized_elementwise_kernel<8, at::native::FillFunctor<c10::Half>, std::array<char*, 1ul> >(int, at::native::FillFunctor<c10::Half>, std::array<char*, 1ul>) [clone .kd]",2,0,399,444281,444281,404224,256,0,0,12,4,32,64,0x0,0x7fd4d1bac2c0,3806496826630949,3806496826638770,3806496826649090,3806496826649369
95,"void at::native::vectorized_elementwise_kernel<8, at::native::FillFunctor<c10::Half>, std::array<char*, 1ul> >(int, at::native::FillFunctor<c10::Half>, std::array<char*, 1ul>) [clone .kd]",2,0,402,444281,444281,373760,256,0,0,12,4,32,64,0x0,0x7fd4d1bac2c0,3806496826675733,3806496826683250,3806496826693010,3806496826693269
96,"void at::native::vectorized_elementwise_kernel<8, at::native::FillFunctor<c10::Half>, std::array<char*, 1ul> >(int, at::native::FillFunctor<c10::Half>, std::array<char*, 1ul>) [clone .kd]",2,0,405,444281,444281,591872,256,0,0,12,4,32,64,0x0,0x7fd4d1bac2c0,3806496826721571,3806496826729370,3806496826743210,3806496826743816
97,"void at::native::vectorized_elementwise_kernel<8, at::native::FillFunctor<c10::Half>, std::array<char*, 1ul> >(int, at::native::FillFunctor<c10::Half>, std::array<char*, 1ul>) [clone .kd]",2,0,408,444281,444281,369920,256,0,0,12,4,32,64,0x0,0x7fd4d1bac2c0,3806496826770960,3806496826778330,3806496826788091,3806496826790229
98,"void at::native::vectorized_elementwise_kernel<8, at::native::FillFunctor<c10::Half>, std::array<char*, 1ul> >(int, at::native::FillFunctor<c10::Half>, std::array<char*, 1ul>) [clone .kd]",2,0,411,444281,444281,339200,256,0,0,12,4,32,64,0x0,0x7fd4d1bac2c0,3806496826820060,3806496826827731,3806496826836731,3806496826836935
99,"void at::native::vectorized_elementwise_kernel<8, at::native::FillFunctor<c10::Half>, std::array<char*, 1ul> >(int, at::native::FillFunctor<c10::Half>, std::array<char*, 1ul>) [clone .kd]",2,0,414,444281,444281,549632,256,0,0,12,4,32,64,0x0,0x7fd4d1bac2c0,3806496826865812,3806496826873491,3806496826886851,3806496826887979
100,"void at::native::vectorized_elementwise_kernel<8, at::native::FillFunctor<c10::Half>, std::array<char*, 1ul> >(int, at::native::FillFunctor<c10::Half>, std::array<char*, 1ul>) [clone .kd]",2,0,417,444281,444281,623104,256,0,0,12,4,32,64,0x0,0x7fd4d1bac2c0,3806496826913697,3806496826921251,3806496826936011,3806496826936146
101,"void at::native::vectorized_elementwise_kernel<8, at::native::FillFunctor<c10::Half>, std::array<char*, 1ul> >(int, at::native::FillFunctor<c10::Half>, std::array<char*, 1ul>) [clone .kd]",2,0,420,444281,444281,349440,256,0,0,12,4,32,64,0x0,0x7fd4d1bac2c0,3806496826963586,3806496826970891,3806496826979971,3806496826980187
102,"void at::native::vectorized_elementwise_kernel<8, at::native::FillFunctor<c10::Half>, std::array<char*, 1ul> >(int, at::native::FillFunctor<c10::Half>, std::array<char*, 1ul>) [clone .kd]",2,0,423,444281,444281,328192,256,0,0,12,4,32,64,0x0,0x7fd4d1bac2c0,3806496827009505,3806496827017371,3806496827025851,3806496827026100
103,"void at::native::vectorized_elementwise_kernel<8, at::native::FillFunctor<c10::Half>, std::array<char*, 1ul> >(int, at::native::FillFunctor<c10::Half>, std::array<char*, 1ul>) [clone .kd]",2,0,426,444281,444281,168704,256,0,0,12,4,32,64,0x0,0x7fd4d1bac2c0,3806496827054884,3806496827063652,3806496827070252,3806496827070488
104,"void at::native::vectorized_elementwise_kernel<8, at::native::FillFunctor<c10::Half>, std::array<char*, 1ul> >(int, at::native::FillFunctor<c10::Half>, std::array<char*, 1ul>) [clone .kd]",2,0,429,444281,444281,310784,256,0,0,12,4,32,64,0x0,0x7fd4d1bac2c0,3806496827101148,3806496827108972,3806496827117732,3806496827118030
105,"void at::native::vectorized_elementwise_kernel<8, at::native::FillFunctor<c10::Half>, std::array<char*, 1ul> >(int, at::native::FillFunctor<c10::Half>, std::array<char*, 1ul>) [clone .kd]",2,0,432,444281,444281,606464,256,0,0,12,4,32,64,0x0,0x7fd4d1bac2c0,3806496827146078,3806496827153692,3806496827168012,3806496827168445
106,"void at::native::vectorized_elementwise_kernel<8, at::native::FillFunctor<c10::Half>, std::array<char*, 1ul> >(int, at::native::FillFunctor<c10::Half>, std::array<char*, 1ul>) [clone .kd]",2,0,435,444281,444281,410112,256,0,0,12,4,32,64,0x0,0x7fd4d1bac2c0,3806496827194661,3806496827202572,3806496827213332,3806496827213499
107,"void at::native::vectorized_elementwise_kernel<8, at::native::FillFunctor<c10::Half>, std::array<char*, 1ul> >(int, at::native::FillFunctor<c10::Half>, std::array<char*, 1ul>) [clone .kd]",2,0,438,444281,444281,268288,256,0,0,12,4,32,64,0x0,0x7fd4d1bac2c0,3806496827240200,3806496827247972,3806496827255252,3806496827255519
108,"void at::native::vectorized_elementwise_kernel<8, at::native::FillFunctor<c10::Half>, std::array<char*, 1ul> >(int, at::native::FillFunctor<c10::Half>, std::array<char*, 1ul>) [clone .kd]",2,0,441,444281,444281,297472,256,0,0,12,4,32,64,0x0,0x7fd4d1bac2c0,3806496827286633,3806496827294173,3806496827302453,3806496827302694
109,"void at::native::vectorized_elementwise_kernel<8, at::native::FillFunctor<c10::Half>, std::array<char*, 1ul> >(int, at::native::FillFunctor<c10::Half>, std::array<char*, 1ul>) [clone .kd]",2,0,444,444281,444281,414976,256,0,0,12,4,32,64,0x0,0x7fd4d1bac2c0,3806496827331457,3806496827338693,3806496827349293,3806496827349578
110,"void at::native::vectorized_elementwise_kernel<8, at::native::FillFunctor<c10::Half>, std::array<char*, 1ul> >(int, at::native::FillFunctor<c10::Half>, std::array<char*, 1ul>) [clone .kd]",2,0,447,444281,444281,412160,256,0,0,12,4,32,64,0x0,0x7fd4d1bac2c0,3806496827375772,3806496827383133,3806496827393813,3806496827394064
111,"void at::native::vectorized_elementwise_kernel<8, at::native::FillFunctor<c10::Half>, std::array<char*, 1ul> >(int, at::native::FillFunctor<c10::Half>, std::array<char*, 1ul>) [clone .kd]",2,0,450,444281,444281,590336,256,0,0,12,4,32,64,0x0,0x7fd4d1bac2c0,3806496827421079,3806496827428613,3806496827442693,3806496827442923
112,"void at::native::vectorized_elementwise_kernel<8, at::native::FillFunctor<c10::Half>, std::array<char*, 1ul> >(int, at::native::FillFunctor<c10::Half>, std::array<char*, 1ul>) [clone .kd]",2,0,453,444281,444281,449024,256,0,0,12,4,32,64,0x0,0x7fd4d1bac2c0,3806496827469249,3806496827477333,3806496827488613,3806496827489069
113,"void at::native::vectorized_elementwise_kernel<8, at::native::FillFunctor<c10::Half>, std::array<char*, 1ul> >(int, at::native::FillFunctor<c10::Half>, std::array<char*, 1ul>) [clone .kd]",2,0,456,444281,444281,547584,256,0,0,12,4,32,64,0x0,0x7fd4d1bac2c0,3806496827515799,3806496827523453,3806496827536333,3806496827537299
114,"void at::native::vectorized_elementwise_kernel<8, at::native::FillFunctor<c10::Half>, std::array<char*, 1ul> >(int, at::native::FillFunctor<c10::Half>, std::array<char*, 1ul>) [clone .kd]",2,0,459,444281,444281,238848,256,0,0,12,4,32,64,0x0,0x7fd4d1bac2c0,3806496827562260,3806496827569694,3806496827576734,3806496827576911
115,"void at::native::vectorized_elementwise_kernel<8, at::native::FillFunctor<c10::Half>, std::array<char*, 1ul> >(int, at::native::FillFunctor<c10::Half>, std::array<char*, 1ul>) [clone .kd]",2,0,462,444281,444281,444672,256,0,0,12,4,32,64,0x0,0x7fd4d1bac2c0,3806496827611271,3806496827618934,3806496827630294,3806496827630491
116,"void at::native::vectorized_elementwise_kernel<8, at::native::FillFunctor<c10::Half>, std::array<char*, 1ul> >(int, at::native::FillFunctor<c10::Half>, std::array<char*, 1ul>) [clone .kd]",2,0,465,444281,444281,233984,256,0,0,12,4,32,64,0x0,0x7fd4d1bac2c0,3806496827656958,3806496827664334,3806496827671254,3806496827671410
117,"void at::native::vectorized_elementwise_kernel<8, at::native::FillFunctor<c10::Half>, std::array<char*, 1ul> >(int, at::native::FillFunctor<c10::Half>, std::array<char*, 1ul>) [clone .kd]",2,0,468,444281,444281,547072,256,0,0,12,4,32,64,0x0,0x7fd4d1bac2c0,3806496827701750,3806496827709214,3806496827722494,3806496827723197
118,"void at::native::vectorized_elementwise_kernel<8, at::native::FillFunctor<c10::Half>, std::array<char*, 1ul> >(int, at::native::FillFunctor<c10::Half>, std::array<char*, 1ul>) [clone .kd]",2,0,471,444281,444281,308736,256,0,0,12,4,32,64,0x0,0x7fd4d1bac2c0,3806496827748009,3806496827755654,3806496827764134,3806496827764308
119,"void at::native::vectorized_elementwise_kernel<8, at::native::FillFunctor<c10::Half>, std::array<char*, 1ul> >(int, at::native::FillFunctor<c10::Half>, std::array<char*, 1ul>) [clone .kd]",2,0,474,444281,444281,455936,256,0,0,12,4,32,64,0x0,0x7fd4d1bac2c0,3806496827799122,3806496827806815,3806496827818095,3806496827818478
120,"void at::native::vectorized_elementwise_kernel<8, at::native::FillFunctor<c10::Half>, std::array<char*, 1ul> >(int, at::native::FillFunctor<c10::Half>, std::array<char*, 1ul>) [clone .kd]",2,0,477,444281,444281,554240,256,0,0,12,4,32,64,0x0,0x7fd4d1bac2c0,3806496827846111,3806496827853895,3806496827867335,3806496827867841
121,"void at::native::vectorized_elementwise_kernel<8, at::native::FillFunctor<c10::Half>, std::array<char*, 1ul> >(int, at::native::FillFunctor<c10::Half>, std::array<char*, 1ul>) [clone .kd]",2,0,480,444281,444281,389632,256,0,0,12,4,32,64,0x0,0x7fd4d1bac2c0,3806496827894086,3806496827901815,3806496827911975,3806496827912150
122,"void at::native::vectorized_elementwise_kernel<8, at::native::FillFunctor<c10::Half>, std::array<char*, 1ul> >(int, at::native::FillFunctor<c10::Half>, std::array<char*, 1ul>) [clone .kd]",2,0,483,444281,444281,362752,256,0,0,12,4,32,64,0x0,0x7fd4d1bac2c0,3806496827939479,3806496827947015,3806496827956455,3806496827956757
123,"void at::native::vectorized_elementwise_kernel<8, at::native::FillFunctor<c10::Half>, std::array<char*, 1ul> >(int, at::native::FillFunctor<c10::Half>, std::array<char*, 1ul>) [clone .kd]",2,0,486,444281,444281,604672,256,0,0,12,4,32,64,0x0,0x7fd4d1bac2c0,3806496827984940,3806496827992335,3806496828006695,3806496828006912
124,"void at::native::vectorized_elementwise_kernel<8, at::native::FillFunctor<c10::Half>, std::array<char*, 1ul> >(int, at::native::FillFunctor<c10::Half>, std::array<char*, 1ul>) [clone .kd]",2,0,489,444281,444281,410368,256,0,0,12,4,32,64,0x0,0x7fd4d1bac2c0,3806496828033715,3806496828041415,3806496828051816,3806496828051949
125,"void at::native::vectorized_elementwise_kernel<8, at::native::FillFunctor<c10::Half>, std::array<char*, 1ul> >(int, at::native::FillFunctor<c10::Half>, std::array<char*, 1ul>) [clone .kd]",2,0,492,444281,444281,229632,256,0,0,12,4,32,64,0x0,0x7fd4d1bac2c0,3806496828079247,3806496828087336,3806496828094576,3806496828094795
126,"void at::native::vectorized_elementwise_kernel<8, at::native::FillFunctor<c10::Half>, std::array<char*, 1ul> >(int, at::native::FillFunctor<c10::Half>, std::array<char*, 1ul>) [clone .kd]",2,0,495,444281,444281,387328,256,0,0,12,4,32,64,0x0,0x7fd4d1bac2c0,3806496828124914,3806496828132816,3806496828143256,3806496828143513
127,"void at::native::vectorized_elementwise_kernel<8, at::native::FillFunctor<c10::Half>, std::array<char*, 1ul> >(int, at::native::FillFunctor<c10::Half>, std::array<char*, 1ul>) [clone .kd]",2,0,498,444281,444281,338944,256,0,0,12,4,32,64,0x0,0x7fd4d1bac2c0,3806496828170439,3806496828177976,3806496828187016,3806496828187221
128,"void at::native::vectorized_elementwise_kernel<8, at::native::FillFunctor<c10::Half>, std::array<char*, 1ul> >(int, at::native::FillFunctor<c10::Half>, std::array<char*, 1ul>) [clone .kd]",2,0,501,444281,444281,459776,256,0,0,12,4,32,64,0x0,0x7fd4d1bac2c0,3806496828215712,3806496828223336,3806496828234936,3806496828235396
129,"void at::native::vectorized_elementwise_kernel<8, at::native::FillFunctor<c10::Half>, std::array<char*, 1ul> >(int, at::native::FillFunctor<c10::Half>, std::array<char*, 1ul>) [clone .kd]",2,0,504,444281,444281,383232,256,0,0,12,4,32,64,0x0,0x7fd4d1bac2c0,3806496828261322,3806496828269216,3806496828278976,3806496828279148
130,"void at::native::vectorized_elementwise_kernel<8, at::native::FillFunctor<c10::Half>, std::array<char*, 1ul> >(int, at::native::FillFunctor<c10::Half>, std::array<char*, 1ul>) [clone .kd]",2,0,507,444281,444281,499968,256,0,0,12,4,32,64,0x0,0x7fd4d1bac2c0,3806496828307635,3806496828315097,3806496828327417,3806496828327705
131,"void at::native::vectorized_elementwise_kernel<8, at::native::FillFunctor<c10::Half>, std::array<char*, 1ul> >(int, at::native::FillFunctor<c10::Half>, std::array<char*, 1ul>) [clone .kd]",2,0,510,444281,444281,513792,256,0,0,12,4,32,64,0x0,0x7fd4d1bac2c0,3806496828354131,3806496828362177,3806496828374577,3806496828374832
132,"void at::native::vectorized_elementwise_kernel<8, at::native::FillFunctor<c10::Half>, std::array<char*, 1ul> >(int, at::native::FillFunctor<c10::Half>, std::array<char*, 1ul>) [clone .kd]",2,0,513,444281,444281,345856,256,0,0,12,4,32,64,0x0,0x7fd4d1bac2c0,3806496828402521,3806496828409857,3806496828418657,3806496828418848
133,"void at::native::vectorized_elementwise_kernel<8, at::native::FillFunctor<c10::Half>, std::array<char*, 1ul> >(int, at::native::FillFunctor<c10::Half>, std::array<char*, 1ul>) [clone .kd]",2,0,516,444281,444281,402944,256,0,0,12,4,32,64,0x0,0x7fd4d1bac2c0,3806496828448141,3806496828455977,3806496828466617,3806496828466830
134,"void at::native::vectorized_elementwise_kernel<8, at::native::FillFunctor<c10::Half>, std::array<char*, 1ul> >(int, at::native::FillFunctor<c10::Half>, std::array<char*, 1ul>) [clone .kd]",2,0,519,444281,444281,559104,256,0,0,12,4,32,64,0x0,0x7fd4d1bac2c0,3806496828494052,3806496828501497,3806496828514857,3806496828515207
135,"void at::native::vectorized_elementwise_kernel<8, at::native::FillFunctor<c10::Half>, std::array<char*, 1ul> >(int, at::native::FillFunctor<c10::Half>, std::array<char*, 1ul>) [clone .kd]",2,0,522,444281,444281,286208,256,0,0,12,4,32,64,0x0,0x7fd4d1bac2c0,3806496828542262,3806496828549738,3806496828557658,3806496828557830
136,"void at::native::vectorized_elementwise_kernel<8, at::native::FillFunctor<c10::Half>, std::array<char*, 1ul> >(int, at::native::FillFunctor<c10::Half>, std::array<char*, 1ul>) [clone .kd]",2,0,525,444281,444281,96512,256,0,0,12,4,32,64,0x0,0x7fd4d1bac2c0,3806496828588557,3806496828596618,3806496828600658,3806496828600874
137,"void at::native::vectorized_elementwise_kernel<8, at::native::FillFunctor<c10::Half>, std::array<char*, 1ul> >(int, at::native::FillFunctor<c10::Half>, std::array<char*, 1ul>) [clone .kd]",2,0,528,444281,444281,472064,256,0,0,12,4,32,64,0x0,0x7fd4d1bac2c0,3806496828634313,3806496828642258,3806496828654058,3806496828654367
138,"void kn_get_mla_metadata<FlashMlaKernelTrait<576, 512, 64, 16, 4> >(int*, int*, int const*, int, int) [clone .kd]",2,0,529,444281,444281,64,64,32768,0,52,4,32,64,0x0,0x7fd4d1b18740,3806496931092577,3806496931112280,3806496931173200,3806496931178429
139,"void at::native::vectorized_elementwise_kernel<8, at::native::FillFunctor<c10::Half>, std::array<char*, 1ul> >(int, at::native::FillFunctor<c10::Half>, std::array<char*, 1ul>) [clone .kd]",2,0,530,444281,444281,131072,256,0,0,12,4,32,64,0x0,0x7fd4d1bac2c0,3806496931236102,3806496931247560,3806496931256640,3806496931256823
140,"void at::native::vectorized_elementwise_kernel<4, at::native::FillFunctor<float>, std::array<char*, 1ul> >(int, at::native::FillFunctor<float>, std::array<char*, 1ul>) [clone .kd]",2,0,531,444281,444281,512,256,0,0,12,4,32,64,0x0,0x7fd4d1bab900,3806496931259361,3806496931270000,3806496931272640,3806496931273153
141,"void at::native::vectorized_elementwise_kernel<4, at::native::FillFunctor<float>, std::array<char*, 1ul> >(int, at::native::FillFunctor<float>, std::array<char*, 1ul>) [clone .kd]",2,0,532,444281,444281,1024,256,0,0,12,4,32,64,0x0,0x7fd4d1bab900,3806496931271190,3806496931279120,3806496931281520,3806496931281631
142,"void at::native::vectorized_elementwise_kernel<4, at::native::FillFunctor<float>, std::array<char*, 1ul> >(int, at::native::FillFunctor<float>, std::array<char*, 1ul>) [clone .kd]",2,0,533,444281,444281,425984,256,0,0,12,4,32,64,0x0,0x7fd4d1bab900,3806496931279738,3806496931288040,3806496931293600,3806496931293559
143,_Z32flash_fwd_splitkv_mla_kernel_ldsI19FlashMlaKernelTraitILi576ELi512ELi64ELi16ELi4EEDF16_fLb1EEv17FlashMlaFwdParams.kd,2,0,534,444281,444281,20480,256,40448,888,128,0,96,64,0x0,0x7fd4d1724580,3806496932105215,3806496933817290,3806496949941034,3806496949957357
144,_Z28kn_fmla_fwd_splictkv_combineI19FlashMlaKernelTraitILi576ELi512ELi64ELi16ELi4EELi96EDF16_Ev17FlashMlaFwdParams.kd,2,0,535,444281,444281,262144,128,512,64,44,4,48,64,0x0,0x7fd4d1724640,3806496934274696,3806496949941034,3806496949949714,3806496949963595
145,"void at::native::vectorized_elementwise_kernel<8, at::native::FillFunctor<c10::Half>, std::array<char*, 1ul> >(int, at::native::FillFunctor<c10::Half>, std::array<char*, 1ul>) [clone .kd]",2,0,536,444281,444281,131072,256,0,0,12,4,32,64,0x0,0x7fd4d1bac2c0,3806496934365570,3806496949949714,3806496949956834,3806496949967383
146,"void at::native::vectorized_elementwise_kernel<4, at::native::FillFunctor<float>, std::array<char*, 1ul> >(int, at::native::FillFunctor<float>, std::array<char*, 1ul>) [clone .kd]",2,0,537,444281,444281,512,256,0,0,12,4,32,64,0x0,0x7fd4d1bab900,3806496934378575,3806496949956834,3806496949962434,3806496949971057
147,"void at::native::vectorized_elementwise_kernel<4, at::native::FillFunctor<float>, std::array<char*, 1ul> >(int, at::native::FillFunctor<float>, std::array<char*, 1ul>) [clone .kd]",2,0,538,444281,444281,1024,256,0,0,12,4,32,64,0x0,0x7fd4d1bab900,3806496934387426,3806496949962434,3806496949968114,3806496949974377
148,"void at::native::vectorized_elementwise_kernel<4, at::native::FillFunctor<float>, std::array<char*, 1ul> >(int, at::native::FillFunctor<float>, std::array<char*, 1ul>) [clone .kd]",2,0,539,444281,444281,425984,256,0,0,12,4,32,64,0x0,0x7fd4d1bab900,3806496934397026,3806496949968114,3806496949977874,3806496949978066
149,_Z32flash_fwd_splitkv_mla_kernel_ldsI19FlashMlaKernelTraitILi576ELi512ELi64ELi16ELi4EEDF16_fLb1EEv17FlashMlaFwdParams.kd,2,0,540,444281,444281,20480,256,40448,888,128,0,96,64,0x0,0x7fd4d1724580,3806496934404372,3806496949977874,3806496965940218,3806496965954058
150,_Z28kn_fmla_fwd_splictkv_combineI19FlashMlaKernelTraitILi576ELi512ELi64ELi16ELi4EELi96EDF16_Ev17FlashMlaFwdParams.kd,2,0,541,444281,444281,262144,128,512,64,44,4,48,64,0x0,0x7fd4d1724640,3806496934413866,3806496965940218,3806496965947458,3806496965958670
151,"void at::native::vectorized_elementwise_kernel<8, at::native::FillFunctor<c10::Half>, std::array<char*, 1ul> >(int, at::native::FillFunctor<c10::Half>, std::array<char*, 1ul>) [clone .kd]",2,0,542,444281,444281,131072,256,0,0,12,4,32,64,0x0,0x7fd4d1bac2c0,3806496934435390,3806496965947458,3806496965953778,3806496965961897
152,"void at::native::vectorized_elementwise_kernel<4, at::native::FillFunctor<float>, std::array<char*, 1ul> >(int, at::native::FillFunctor<float>, std::array<char*, 1ul>) [clone .kd]",2,0,543,444281,444281,512,256,0,0,12,4,32,64,0x0,0x7fd4d1bab900,3806496934443737,3806496965953778,3806496965959178,3806496965965418
153,"void at::native::vectorized_elementwise_kernel<4, at::native::FillFunctor<float>, std::array<char*, 1ul> >(int, at::native::FillFunctor<float>, std::array<char*, 1ul>) [clone .kd]",2,0,544,444281,444281,1024,256,0,0,12,4,32,64,0x0,0x7fd4d1bab900,3806496934451330,3806496965959178,3806496965964618,3806496965971509
154,"void at::native::vectorized_elementwise_kernel<4, at::native::FillFunctor<float>, std::array<char*, 1ul> >(int, at::native::FillFunctor<float>, std::array<char*, 1ul>) [clone .kd]",2,0,545,444281,444281,425984,256,0,0,12,4,32,64,0x0,0x7fd4d1bab900,3806496934458704,3806496965964618,3806496965975738,3806496965976086
155,_Z32flash_fwd_splitkv_mla_kernel_ldsI19FlashMlaKernelTraitILi576ELi512ELi64ELi16ELi4EEDF16_fLb1EEv17FlashMlaFwdParams.kd,2,0,546,444281,444281,20480,256,40448,888,128,0,96,64,0x0,0x7fd4d1724580,3806496934464166,3806496965975738,3806496982050362,3806496982078055
156,_Z28kn_fmla_fwd_splictkv_combineI19FlashMlaKernelTraitILi576ELi512ELi64ELi16ELi4EELi96EDF16_Ev17FlashMlaFwdParams.kd,2,0,547,444281,444281,262144,128,512,64,44,4,48,64,0x0,0x7fd4d1724640,3806496934470104,3806496982050362,3806496982057882,3806496982073781
157,"void at::native::vectorized_elementwise_kernel<8, at::native::FillFunctor<c10::Half>, std::array<char*, 1ul> >(int, at::native::FillFunctor<c10::Half>, std::array<char*, 1ul>) [clone .kd]",2,0,548,444281,444281,131072,256,0,0,12,4,32,64,0x0,0x7fd4d1bac2c0,3806496934485735,3806496982057882,3806496982064282,3806496982068304
158,"void at::native::vectorized_elementwise_kernel<4, at::native::FillFunctor<float>, std::array<char*, 1ul> >(int, at::native::FillFunctor<float>, std::array<char*, 1ul>) [clone .kd]",2,0,549,444281,444281,512,256,0,0,12,4,32,64,0x0,0x7fd4d1bab900,3806496934494387,3806496982064282,3806496982069722,3806496982087438
159,"void at::native::vectorized_elementwise_kernel<4, at::native::FillFunctor<float>, std::array<char*, 1ul> >(int, at::native::FillFunctor<float>, std::array<char*, 1ul>) [clone .kd]",2,0,550,444281,444281,1024,256,0,0,12,4,32,64,0x0,0x7fd4d1bab900,3806496934501934,3806496982069722,3806496982075402,3806496982083322
160,"void at::native::vectorized_elementwise_kernel<4, at::native::FillFunctor<float>, std::array<char*, 1ul> >(int, at::native::FillFunctor<float>, std::array<char*, 1ul>) [clone .kd]",2,0,551,444281,444281,425984,256,0,0,12,4,32,64,0x0,0x7fd4d1bab900,3806496934509909,3806496982075402,3806496982087882,3806496982093500
161,_Z32flash_fwd_splitkv_mla_kernel_ldsI19FlashMlaKernelTraitILi576ELi512ELi64ELi16ELi4EEDF16_fLb1EEv17FlashMlaFwdParams.kd,2,0,552,444281,444281,20480,256,40448,888,128,0,96,64,0x0,0x7fd4d1724580,3806496934515639,3806496982087860,3806496998005443,3806496998027538
162,_Z28kn_fmla_fwd_splictkv_combineI19FlashMlaKernelTraitILi576ELi512ELi64ELi16ELi4EELi96EDF16_Ev17FlashMlaFwdParams.kd,2,0,553,444281,444281,262144,128,512,64,44,4,48,64,0x0,0x7fd4d1724640,3806496934520896,3806496998005443,3806496998012603,3806496998021691
163,"void at::native::vectorized_elementwise_kernel<8, at::native::FillFunctor<c10::Half>, std::array<char*, 1ul> >(int, at::native::FillFunctor<c10::Half>, std::array<char*, 1ul>) [clone .kd]",2,0,554,444281,444281,131072,256,0,0,12,4,32,64,0x0,0x7fd4d1bac2c0,3806496934535576,3806496998012603,3806496998019163,3806496998035199
164,"void at::native::vectorized_elementwise_kernel<4, at::native::FillFunctor<float>, std::array<char*, 1ul> >(int, at::native::FillFunctor<float>, std::array<char*, 1ul>) [clone .kd]",2,0,555,444281,444281,512,256,0,0,12,4,32,64,0x0,0x7fd4d1bab900,3806496934543887,3806496998019163,3806496998024683,3806496998038501
165,"void at::native::vectorized_elementwise_kernel<4, at::native::FillFunctor<float>, std::array<char*, 1ul> >(int, at::native::FillFunctor<float>, std::array<char*, 1ul>) [clone .kd]",2,0,556,444281,444281,1024,256,0,0,12,4,32,64,0x0,0x7fd4d1bab900,3806496934551370,3806496998024683,3806496998030363,3806496998031755
166,"void at::native::vectorized_elementwise_kernel<4, at::native::FillFunctor<float>, std::array<char*, 1ul> >(int, at::native::FillFunctor<float>, std::array<char*, 1ul>) [clone .kd]",2,0,557,444281,444281,425984,256,0,0,12,4,32,64,0x0,0x7fd4d1bab900,3806496934559134,3806496998030363,3806496998042123,3806496998042343
167,_Z32flash_fwd_splitkv_mla_kernel_ldsI19FlashMlaKernelTraitILi576ELi512ELi64ELi16ELi4EEDF16_fLb1EEv17FlashMlaFwdParams.kd,2,0,558,444281,444281,20480,256,40448,888,128,0,96,64,0x0,0x7fd4d1724580,3806496934565085,3806496998042123,3806497014080026,3806497014100895
168,_Z28kn_fmla_fwd_splictkv_combineI19FlashMlaKernelTraitILi576ELi512ELi64ELi16ELi4EELi96EDF16_Ev17FlashMlaFwdParams.kd,2,0,559,444281,444281,262144,128,512,64,44,4,48,64,0x0,0x7fd4d1724640,3806496934570552,3806497014080026,3806497014086866,3806497014096507
169,"void at::native::vectorized_elementwise_kernel<8, at::native::FillFunctor<c10::Half>, std::array<char*, 1ul> >(int, at::native::FillFunctor<c10::Half>, std::array<char*, 1ul>) [clone .kd]",2,0,560,444281,444281,131072,256,0,0,12,4,32,64,0x7fd4d2ffed80,0x7fd4d1bac2c0,3806497045710577,3806497045739032,3806497045743672,3806497045744100
170,"void at::native::vectorized_elementwise_kernel<4, at::native::FillFunctor<float>, std::array<char*, 1ul> >(int, at::native::FillFunctor<float>, std::array<char*, 1ul>) [clone .kd]",2,0,561,444281,444281,512,256,0,0,12,4,32,64,0x7fd4d2ffed00,0x7fd4d1bab900,3806497045749501,3806497045773952,3806497045775552,3806497045775914
171,"void at::native::vectorized_elementwise_kernel<4, at::native::FillFunctor<float>, std::array<char*, 1ul> >(int, at::native::FillFunctor<float>, std::array<char*, 1ul>) [clone .kd]",2,0,562,444281,444281,1024,256,0,0,12,4,32,64,0x7fd4d2ffec80,0x7fd4d1bab900,3806497045782179,3806497045791472,3806497045793192,3806497045793388
172,"void at::native::vectorized_elementwise_kernel<4, at::native::FillFunctor<float>, std::array<char*, 1ul> >(int, at::native::FillFunctor<float>, std::array<char*, 1ul>) [clone .kd]",2,0,563,444281,444281,425984,256,0,0,12,4,32,64,0x7fd4d2ffec00,0x7fd4d1bab900,3806497045802327,3806497045810392,3806497045819632,3806497045819761
173,_Z32flash_fwd_splitkv_mla_kernel_ldsI19FlashMlaKernelTraitILi576ELi512ELi64ELi16ELi4EEDF16_fLb1EEv17FlashMlaFwdParams.kd,2,0,564,444281,444281,20480,256,40448,888,128,0,96,64,0x7fd4d2ffeb80,0x7fd4d1724580,3806497045812414,3806497045824040,3806497061735102,3806497061751849
174,_Z28kn_fmla_fwd_splictkv_combineI19FlashMlaKernelTraitILi576ELi512ELi64ELi16ELi4EELi96EDF16_Ev17FlashMlaFwdParams.kd,2,0,565,444281,444281,262144,128,512,64,44,4,48,64,0x7fd4d2ffeb00,0x7fd4d1724640,3806497045821539,3806497061735102,3806497061742462,3806497061759933
175,"void at::native::vectorized_elementwise_kernel<8, at::native::FillFunctor<c10::Half>, std::array<char*, 1ul> >(int, at::native::FillFunctor<c10::Half>, std::array<char*, 1ul>) [clone .kd]",2,0,566,444281,444281,131072,256,0,0,12,4,32,64,0x7fd4d2ffea80,0x7fd4d1bac2c0,3806497045871095,3806497061742462,3806497061749182,3806497061763712
176,"void at::native::vectorized_elementwise_kernel<4, at::native::FillFunctor<float>, std::array<char*, 1ul> >(int, at::native::FillFunctor<float>, std::array<char*, 1ul>) [clone .kd]",2,0,567,444281,444281,512,256,0,0,12,4,32,64,0x7fd4d2ffea00,0x7fd4d1bab900,3806497045882512,3806497061749182,3806497061754702,3806497061767538
177,"void at::native::vectorized_elementwise_kernel<4, at::native::FillFunctor<float>, std::array<char*, 1ul> >(int, at::native::FillFunctor<float>, std::array<char*, 1ul>) [clone .kd]",2,0,568,444281,444281,1024,256,0,0,12,4,32,64,0x7fd4d2ffe980,0x7fd4d1bab900,3806497045892620,3806497061754702,3806497061760262,3806497061771074
178,"void at::native::vectorized_elementwise_kernel<4, at::native::FillFunctor<float>, std::array<char*, 1ul> >(int, at::native::FillFunctor<float>, std::array<char*, 1ul>) [clone .kd]",2,0,569,444281,444281,425984,256,0,0,12,4,32,64,0x7fd4d2ffe900,0x7fd4d1bab900,3806497045902421,3806497061760262,3806497061770342,3806497061774719
179,_Z32flash_fwd_splitkv_mla_kernel_ldsI19FlashMlaKernelTraitILi576ELi512ELi64ELi16ELi4EEDF16_fLb1EEv17FlashMlaFwdParams.kd,2,0,570,444281,444281,20480,256,40448,888,128,0,96,64,0x7fd4d2ffe880,0x7fd4d1724580,3806497045908626,3806497061770342,3806497077637204,3806497077651180
180,_Z28kn_fmla_fwd_splictkv_combineI19FlashMlaKernelTraitILi576ELi512ELi64ELi16ELi4EELi96EDF16_Ev17FlashMlaFwdParams.kd,2,0,571,444281,444281,262144,128,512,64,44,4,48,64,0x7fd4d2ffe800,0x7fd4d1724640,3806497045914975,3806497077637204,3806497077644444,3806497077658725
181,"void at::native::vectorized_elementwise_kernel<8, at::native::FillFunctor<c10::Half>, std::array<char*, 1ul> >(int, at::native::FillFunctor<c10::Half>, std::array<char*, 1ul>) [clone .kd]",2,0,572,444281,444281,131072,256,0,0,12,4,32,64,0x7fd4d2ffe780,0x7fd4d1bac2c0,3806497045945691,3806497077644444,3806497077650804,3806497077655218
182,"void at::native::vectorized_elementwise_kernel<4, at::native::FillFunctor<float>, std::array<char*, 1ul> >(int, at::native::FillFunctor<float>, std::array<char*, 1ul>) [clone .kd]",2,0,573,444281,444281,512,256,0,0,12,4,32,64,0x7fd4d2ffe700,0x7fd4d1bab900,3806497045955700,3806497077650804,3806497077656404,3806497077666374
183,"void at::native::vectorized_elementwise_kernel<4, at::native::FillFunctor<float>, std::array<char*, 1ul> >(int, at::native::FillFunctor<float>, std::array<char*, 1ul>) [clone .kd]",2,0,574,444281,444281,1024,256,0,0,12,4,32,64,0x7fd4d2ffe680,0x7fd4d1bab900,3806497045965389,3806497077656404,3806497077662124,3806497077662995
184,"void at::native::vectorized_elementwise_kernel<4, at::native::FillFunctor<float>, std::array<char*, 1ul> >(int, at::native::FillFunctor<float>, std::array<char*, 1ul>) [clone .kd]",2,0,575,444281,444281,425984,256,0,0,12,4,32,64,0x7fd4d2ffe600,0x7fd4d1bab900,3806497045974436,3806497077662124,3806497077675124,3806497077675703
185,_Z32flash_fwd_splitkv_mla_kernel_ldsI19FlashMlaKernelTraitILi576ELi512ELi64ELi16ELi4EEDF16_fLb1EEv17FlashMlaFwdParams.kd,2,0,576,444281,444281,20480,256,40448,888,128,0,96,64,0x7fd4d2ffe580,0x7fd4d1724580,3806497045980393,3806497077675124,3806497093644546,3806497093661531
186,_Z28kn_fmla_fwd_splictkv_combineI19FlashMlaKernelTraitILi576ELi512ELi64ELi16ELi4EELi96EDF16_Ev17FlashMlaFwdParams.kd,2,0,577,444281,444281,262144,128,512,64,44,4,48,64,0x7fd4d2ffe500,0x7fd4d1724640,3806497045986117,3806497093644546,3806497093651426,3806497093657179
