CodeObj, Vaddr, Instruction, Hitcount, Latency, Source
4,5888,"; _gemm_afp4_wfp4_kernel",0,0,""
4,5888,"s_load_dwordx2 s[2:3], s[0:1], 0x0",0,0,/app/aiter/aiter/ops/triton/gemm_afp4wfp4.py:14
4,5896,"s_load_dwordx8 s[4:11], s[0:1], 0x8",0,0,/app/aiter/aiter/ops/triton/gemm_afp4wfp4.py:14
4,5904,"s_load_dwordx4 s[12:15], s[0:1], 0x28",0,0,/app/aiter/aiter/ops/triton/gemm_afp4wfp4.py:14
4,5912,"s_waitcnt lgkmcnt(0)",0,0,/app/aiter/aiter/ops/triton/gemm_afp4wfp4.py:14
4,5916,"s_branch 56",0,0,/app/aiter/aiter/ops/triton/gemm_afp4wfp4.py:14
4,5920,"s_nop 0",0,0,/app/aiter/aiter/ops/triton/gemm_afp4wfp4.py:14
4,5924,"s_nop 0",0,0,/app/aiter/aiter/ops/triton/gemm_afp4wfp4.py:14
4,5928,"s_nop 0",0,0,/app/aiter/aiter/ops/triton/gemm_afp4wfp4.py:14
4,5932,"s_nop 0",0,0,/app/aiter/aiter/ops/triton/gemm_afp4wfp4.py:14
4,5936,"s_nop 0",0,0,/app/aiter/aiter/ops/triton/gemm_afp4wfp4.py:14
4,5940,"s_nop 0",0,0,/app/aiter/aiter/ops/triton/gemm_afp4wfp4.py:14
4,5944,"s_nop 0",0,0,/app/aiter/aiter/ops/triton/gemm_afp4wfp4.py:14
4,5948,"s_nop 0",0,0,/app/aiter/aiter/ops/triton/gemm_afp4wfp4.py:14
4,5952,"s_nop 0",0,0,/app/aiter/aiter/ops/triton/gemm_afp4wfp4.py:14
4,5956,"s_nop 0",0,0,/app/aiter/aiter/ops/triton/gemm_afp4wfp4.py:14
4,5960,"s_nop 0",0,0,/app/aiter/aiter/ops/triton/gemm_afp4wfp4.py:14
4,5964,"s_nop 0",0,0,/app/aiter/aiter/ops/triton/gemm_afp4wfp4.py:14
4,5968,"s_nop 0",0,0,/app/aiter/aiter/ops/triton/gemm_afp4wfp4.py:14
4,5972,"s_nop 0",0,0,/app/aiter/aiter/ops/triton/gemm_afp4wfp4.py:14
4,5976,"s_nop 0",0,0,/app/aiter/aiter/ops/triton/gemm_afp4wfp4.py:14
4,5980,"s_nop 0",0,0,/app/aiter/aiter/ops/triton/gemm_afp4wfp4.py:14
4,5984,"s_nop 0",0,0,/app/aiter/aiter/ops/triton/gemm_afp4wfp4.py:14
4,5988,"s_nop 0",0,0,/app/aiter/aiter/ops/triton/gemm_afp4wfp4.py:14
4,5992,"s_nop 0",0,0,/app/aiter/aiter/ops/triton/gemm_afp4wfp4.py:14
4,5996,"s_nop 0",0,0,/app/aiter/aiter/ops/triton/gemm_afp4wfp4.py:14
4,6000,"s_nop 0",0,0,/app/aiter/aiter/ops/triton/gemm_afp4wfp4.py:14
4,6004,"s_nop 0",0,0,/app/aiter/aiter/ops/triton/gemm_afp4wfp4.py:14
4,6008,"s_nop 0",0,0,/app/aiter/aiter/ops/triton/gemm_afp4wfp4.py:14
4,6012,"s_nop 0",0,0,/app/aiter/aiter/ops/triton/gemm_afp4wfp4.py:14
4,6016,"s_nop 0",0,0,/app/aiter/aiter/ops/triton/gemm_afp4wfp4.py:14
4,6020,"s_nop 0",0,0,/app/aiter/aiter/ops/triton/gemm_afp4wfp4.py:14
4,6024,"s_nop 0",0,0,/app/aiter/aiter/ops/triton/gemm_afp4wfp4.py:14
4,6028,"s_nop 0",0,0,/app/aiter/aiter/ops/triton/gemm_afp4wfp4.py:14
4,6032,"s_nop 0",0,0,/app/aiter/aiter/ops/triton/gemm_afp4wfp4.py:14
4,6036,"s_nop 0",0,0,/app/aiter/aiter/ops/triton/gemm_afp4wfp4.py:14
4,6040,"s_nop 0",0,0,/app/aiter/aiter/ops/triton/gemm_afp4wfp4.py:14
4,6044,"s_nop 0",0,0,/app/aiter/aiter/ops/triton/gemm_afp4wfp4.py:14
4,6048,"s_nop 0",0,0,/app/aiter/aiter/ops/triton/gemm_afp4wfp4.py:14
4,6052,"s_nop 0",0,0,/app/aiter/aiter/ops/triton/gemm_afp4wfp4.py:14
4,6056,"s_nop 0",0,0,/app/aiter/aiter/ops/triton/gemm_afp4wfp4.py:14
4,6060,"s_nop 0",0,0,/app/aiter/aiter/ops/triton/gemm_afp4wfp4.py:14
4,6064,"s_nop 0",0,0,/app/aiter/aiter/ops/triton/gemm_afp4wfp4.py:14
4,6068,"s_nop 0",0,0,/app/aiter/aiter/ops/triton/gemm_afp4wfp4.py:14
4,6072,"s_nop 0",0,0,/app/aiter/aiter/ops/triton/gemm_afp4wfp4.py:14
4,6076,"s_nop 0",0,0,/app/aiter/aiter/ops/triton/gemm_afp4wfp4.py:14
4,6080,"s_nop 0",0,0,/app/aiter/aiter/ops/triton/gemm_afp4wfp4.py:14
4,6084,"s_nop 0",0,0,/app/aiter/aiter/ops/triton/gemm_afp4wfp4.py:14
4,6088,"s_nop 0",0,0,/app/aiter/aiter/ops/triton/gemm_afp4wfp4.py:14
4,6092,"s_nop 0",0,0,/app/aiter/aiter/ops/triton/gemm_afp4wfp4.py:14
4,6096,"s_nop 0",0,0,/app/aiter/aiter/ops/triton/gemm_afp4wfp4.py:14
4,6100,"s_nop 0",0,0,/app/aiter/aiter/ops/triton/gemm_afp4wfp4.py:14
4,6104,"s_nop 0",0,0,/app/aiter/aiter/ops/triton/gemm_afp4wfp4.py:14
4,6108,"s_nop 0",0,0,/app/aiter/aiter/ops/triton/gemm_afp4wfp4.py:14
4,6112,"s_nop 0",0,0,/app/aiter/aiter/ops/triton/gemm_afp4wfp4.py:14
4,6116,"s_nop 0",0,0,/app/aiter/aiter/ops/triton/gemm_afp4wfp4.py:14
4,6120,"s_nop 0",0,0,/app/aiter/aiter/ops/triton/gemm_afp4wfp4.py:14
4,6124,"s_nop 0",0,0,/app/aiter/aiter/ops/triton/gemm_afp4wfp4.py:14
4,6128,"s_nop 0",0,0,/app/aiter/aiter/ops/triton/gemm_afp4wfp4.py:14
4,6132,"s_nop 0",0,0,/app/aiter/aiter/ops/triton/gemm_afp4wfp4.py:14
4,6136,"s_nop 0",0,0,/app/aiter/aiter/ops/triton/gemm_afp4wfp4.py:14
4,6140,"s_nop 0",0,0,/app/aiter/aiter/ops/triton/gemm_afp4wfp4.py:14
4,6144,"s_add_i32 s0, s13, 0x7f",12,48,/app/OAI-triton/python/triton/language/standard.py:40
4,6152,"s_ashr_i32 s1, s0, 31",12,48,/app/OAI-triton/python/triton/language/standard.py:40
4,6156,"s_lshr_b32 s1, s1, 25",12,48,/app/OAI-triton/python/triton/language/standard.py:40
4,6160,"s_add_i32 s0, s0, s1",12,48,/app/OAI-triton/python/triton/language/standard.py:40
4,6164,"s_ashr_i32 s0, s0, 7",12,48,/app/OAI-triton/python/triton/language/standard.py:40
4,6168,"s_abs_i32 s1, s0",12,48,/app/aiter/aiter/ops/triton/utils/pid_preprocessing.py:32
4,6172,"v_cvt_f32_u32_e32 v1, s1",12,48,/app/aiter/aiter/ops/triton/utils/pid_preprocessing.py:32
4,6176,"s_mov_b32 s14, s13",12,48,/app/aiter/aiter/ops/triton/utils/pid_preprocessing.py:32
4,6180,"s_sub_i32 s13, 0, s1",12,48,/app/aiter/aiter/ops/triton/utils/pid_preprocessing.py:32
4,6184,"s_mov_b64 s[20:21], s[10:11]",12,48,/app/aiter/aiter/ops/triton/utils/pid_preprocessing.py:32
4,6188,"v_rcp_iflag_f32_e32 v1, v1",12,108,/app/aiter/aiter/ops/triton/utils/pid_preprocessing.py:32
4,6192,"s_abs_i32 s11, s16",12,48,/app/aiter/aiter/ops/triton/utils/pid_preprocessing.py:32
4,6196,"s_xor_b32 s10, s16, s0",12,48,/app/aiter/aiter/ops/triton/utils/pid_preprocessing.py:32
4,6200,"s_ashr_i32 s10, s10, 31",12,48,/app/aiter/aiter/ops/triton/utils/pid_preprocessing.py:32
4,6204,"v_mul_f32_e32 v1, 0x4f7ffffe, v1",12,292,/app/aiter/aiter/ops/triton/utils/pid_preprocessing.py:32
4,6212,"v_cvt_u32_f32_e32 v1, v1",12,120,/app/aiter/aiter/ops/triton/utils/pid_preprocessing.py:32
4,6216,"v_lshlrev_b32_e32 v55, 4, v0",12,48,/app/aiter/aiter/ops/triton/gemm_afp4wfp4.py:77
4,6220,"v_and_b32_e32 v19, 0xfe0, v55",12,48,/app/aiter/aiter/ops/triton/gemm_afp4wfp4.py:83
4,6228,"v_and_b32_e32 v56, 0x70, v55",12,120,/app/aiter/aiter/ops/triton/gemm_afp4wfp4.py:78
4,6236,"v_readfirstlane_b32 s15, v1",12,192,/app/aiter/aiter/ops/triton/utils/pid_preprocessing.py:32
4,6240,"s_mul_i32 s13, s13, s15",12,48,/app/aiter/aiter/ops/triton/utils/pid_preprocessing.py:32
4,6244,"s_mul_hi_u32 s13, s15, s13",12,48,/app/aiter/aiter/ops/triton/utils/pid_preprocessing.py:32
4,6248,"s_add_i32 s15, s15, s13",12,48,/app/aiter/aiter/ops/triton/utils/pid_preprocessing.py:32
4,6252,"s_mul_hi_u32 s13, s11, s15",12,48,/app/aiter/aiter/ops/triton/utils/pid_preprocessing.py:32
4,6256,"s_mul_i32 s15, s13, s1",12,48,/app/aiter/aiter/ops/triton/utils/pid_preprocessing.py:32
4,6260,"s_sub_i32 s11, s11, s15",12,48,/app/aiter/aiter/ops/triton/utils/pid_preprocessing.py:32
4,6264,"s_add_i32 s15, s13, 1",12,48,/app/aiter/aiter/ops/triton/utils/pid_preprocessing.py:32
4,6268,"s_sub_i32 s17, s11, s1",12,48,/app/aiter/aiter/ops/triton/utils/pid_preprocessing.py:32
4,6272,"s_cmp_ge_u32 s11, s1",12,48,/app/aiter/aiter/ops/triton/utils/pid_preprocessing.py:32
4,6276,"s_cselect_b32 s13, s15, s13",12,48,/app/aiter/aiter/ops/triton/utils/pid_preprocessing.py:32
4,6280,"s_cselect_b32 s11, s17, s11",12,48,/app/aiter/aiter/ops/triton/utils/pid_preprocessing.py:32
4,6284,"s_add_i32 s15, s13, 1",12,48,/app/aiter/aiter/ops/triton/utils/pid_preprocessing.py:32
4,6288,"s_cmp_ge_u32 s11, s1",12,48,/app/aiter/aiter/ops/triton/utils/pid_preprocessing.py:32
4,6292,"s_cselect_b32 s1, s15, s13",12,48,/app/aiter/aiter/ops/triton/utils/pid_preprocessing.py:32
4,6296,"s_xor_b32 s1, s1, s10",12,48,/app/aiter/aiter/ops/triton/utils/pid_preprocessing.py:32
4,6300,"s_sub_i32 s1, s1, s10",12,48,/app/aiter/aiter/ops/triton/utils/pid_preprocessing.py:32
4,6304,"s_mul_i32 s0, s1, s0",12,48,/app/aiter/aiter/ops/triton/utils/pid_preprocessing.py:33
4,6308,"s_sub_i32 s10, s16, s0",12,48,/app/aiter/aiter/ops/triton/utils/pid_preprocessing.py:33
4,6312,"s_abs_i32 s0, s12",12,48,/app/aiter/aiter/ops/triton/gemm_afp4wfp4.py:77
4,6316,"v_cvt_f32_u32_e32 v2, s0",12,364,/app/aiter/aiter/ops/triton/gemm_afp4wfp4.py:77
4,6320,"s_lshl_b32 s13, s1, 5",12,48,/app/aiter/aiter/ops/triton/gemm_afp4wfp4.py:77
4,6324,"v_lshrrev_b32_e32 v1, 4, v0",12,108,/app/aiter/aiter/ops/triton/gemm_afp4wfp4.py:77
4,6328,"s_bfe_i32 s15, s1, 0x1001a",12,48,/app/aiter/aiter/ops/triton/gemm_afp4wfp4.py:77
4,6336,"v_rcp_iflag_f32_e32 v2, v2",12,224,/app/aiter/aiter/ops/triton/gemm_afp4wfp4.py:77
4,6340,"s_sub_i32 s1, 0, s0",12,48,/app/aiter/aiter/ops/triton/gemm_afp4wfp4.py:77
4,6344,"v_or_b32_e32 v38, s13, v1",12,48,/app/aiter/aiter/ops/triton/gemm_afp4wfp4.py:77
4,6348,"v_add_u32_e32 v5, s15, v38",12,48,/app/aiter/aiter/ops/triton/gemm_afp4wfp4.py:77
4,6352,"v_mul_f32_e32 v2, 0x4f7ffffe, v2",12,48,/app/aiter/aiter/ops/triton/gemm_afp4wfp4.py:77
4,6360,"v_cvt_u32_f32_e32 v2, v2",12,60,/app/aiter/aiter/ops/triton/gemm_afp4wfp4.py:77
4,6364,"v_xor_b32_e32 v5, s15, v5",12,48,/app/aiter/aiter/ops/triton/gemm_afp4wfp4.py:77
4,6368,"v_or_b32_e32 v3, 16, v1",12,156,/app/aiter/aiter/ops/triton/gemm_afp4wfp4.py:77
4,6372,"v_or_b32_e32 v40, s13, v3",12,48,/app/aiter/aiter/ops/triton/gemm_afp4wfp4.py:77
4,6376,"v_mul_lo_u32 v6, s1, v2",12,48,/app/aiter/aiter/ops/triton/gemm_afp4wfp4.py:77
4,6384,"v_mul_hi_u32 v6, v2, v6",12,48,/app/aiter/aiter/ops/triton/gemm_afp4wfp4.py:77
4,6392,"v_add_u32_e32 v2, v2, v6",12,48,/app/aiter/aiter/ops/triton/gemm_afp4wfp4.py:77
4,6396,"v_mul_hi_u32 v6, v5, v2",12,48,/app/aiter/aiter/ops/triton/gemm_afp4wfp4.py:77
4,6404,"v_mul_lo_u32 v6, v6, s0",12,48,/app/aiter/aiter/ops/triton/gemm_afp4wfp4.py:77
4,6412,"v_sub_u32_e32 v5, v5, v6",12,184,/app/aiter/aiter/ops/triton/gemm_afp4wfp4.py:77
4,6416,"v_subrev_u32_e32 v6, s0, v5",12,116,/app/aiter/aiter/ops/triton/gemm_afp4wfp4.py:77
4,6420,"v_cmp_le_u32_e32 vcc, s0, v5",12,48,/app/aiter/aiter/ops/triton/gemm_afp4wfp4.py:77
4,6424,"v_and_or_b32 v4, v55, 16, s13",12,48,/app/aiter/aiter/ops/triton/gemm_afp4wfp4.py:77
4,6432,"v_add_u32_e32 v4, s15, v4",12,48,/app/aiter/aiter/ops/triton/gemm_afp4wfp4.py:77
4,6436,"v_cndmask_b32_e32 v5, v5, v6, vcc",12,48,/app/aiter/aiter/ops/triton/gemm_afp4wfp4.py:77
4,6440,"v_subrev_u32_e32 v6, s0, v5",12,48,/app/aiter/aiter/ops/triton/gemm_afp4wfp4.py:77
4,6444,"v_cmp_le_u32_e32 vcc, s0, v5",12,48,/app/aiter/aiter/ops/triton/gemm_afp4wfp4.py:77
4,6448,"v_xor_b32_e32 v4, s15, v4",12,48,/app/aiter/aiter/ops/triton/gemm_afp4wfp4.py:77
4,6452,"s_abs_i32 s16, s14",12,48,/app/aiter/aiter/ops/triton/gemm_afp4wfp4.py:78
4,6456,"v_cndmask_b32_e32 v39, v5, v6, vcc",12,48,/app/aiter/aiter/ops/triton/gemm_afp4wfp4.py:77
4,6460,"v_add_u32_e32 v5, s15, v40",12,48,/app/aiter/aiter/ops/triton/gemm_afp4wfp4.py:77
4,6464,"v_xor_b32_e32 v5, s15, v5",12,48,/app/aiter/aiter/ops/triton/gemm_afp4wfp4.py:77
4,6468,"v_mul_hi_u32 v6, v5, v2",12,48,/app/aiter/aiter/ops/triton/gemm_afp4wfp4.py:77
4,6476,"v_mul_lo_u32 v6, v6, s0",12,48,/app/aiter/aiter/ops/triton/gemm_afp4wfp4.py:77
4,6484,"v_sub_u32_e32 v5, v5, v6",12,48,/app/aiter/aiter/ops/triton/gemm_afp4wfp4.py:77
4,6488,"v_subrev_u32_e32 v6, s0, v5",12,48,/app/aiter/aiter/ops/triton/gemm_afp4wfp4.py:77
4,6492,"v_cmp_le_u32_e32 vcc, s0, v5",12,48,/app/aiter/aiter/ops/triton/gemm_afp4wfp4.py:77
4,6496,"v_mul_hi_u32 v2, v4, v2",12,48,/app/aiter/aiter/ops/triton/gemm_afp4wfp4.py:77
4,6504,"v_mul_lo_u32 v2, v2, s0",12,48,/app/aiter/aiter/ops/triton/gemm_afp4wfp4.py:77
4,6512,"v_cndmask_b32_e32 v5, v5, v6, vcc",12,48,/app/aiter/aiter/ops/triton/gemm_afp4wfp4.py:77
4,6516,"v_subrev_u32_e32 v6, s0, v5",12,48,/app/aiter/aiter/ops/triton/gemm_afp4wfp4.py:77
4,6520,"v_cmp_le_u32_e32 vcc, s0, v5",12,48,/app/aiter/aiter/ops/triton/gemm_afp4wfp4.py:77
4,6524,"v_sub_u32_e32 v2, v4, v2",12,48,/app/aiter/aiter/ops/triton/gemm_afp4wfp4.py:77
4,6528,"v_subrev_u32_e32 v4, s0, v2",12,48,/app/aiter/aiter/ops/triton/gemm_afp4wfp4.py:77
4,6532,"v_cndmask_b32_e32 v41, v5, v6, vcc",12,48,/app/aiter/aiter/ops/triton/gemm_afp4wfp4.py:77
4,6536,"v_cmp_le_u32_e32 vcc, s0, v2",12,48,/app/aiter/aiter/ops/triton/gemm_afp4wfp4.py:77
4,6540,"s_sub_i32 s1, 0, s16",12,48,/app/aiter/aiter/ops/triton/gemm_afp4wfp4.py:78
4,6544,"s_bfe_i32 s17, s10, 0x10018",12,48,/app/aiter/aiter/ops/triton/gemm_afp4wfp4.py:78
4,6552,"v_cndmask_b32_e32 v2, v2, v4, vcc",12,48,/app/aiter/aiter/ops/triton/gemm_afp4wfp4.py:77
4,6556,"v_subrev_u32_e32 v4, s0, v2",12,48,/app/aiter/aiter/ops/triton/gemm_afp4wfp4.py:77
4,6560,"v_cmp_le_u32_e32 vcc, s0, v2",12,48,/app/aiter/aiter/ops/triton/gemm_afp4wfp4.py:77
4,6564,"s_lshl_b32 s0, s10, 7",12,48,/app/aiter/aiter/ops/triton/gemm_afp4wfp4.py:78
4,6568,"v_or_b32_e32 v5, s0, v1",12,48,/app/aiter/aiter/ops/triton/gemm_afp4wfp4.py:78
4,6572,"v_cndmask_b32_e32 v2, v2, v4, vcc",12,48,/app/aiter/aiter/ops/triton/gemm_afp4wfp4.py:77
4,6576,"v_cvt_f32_u32_e32 v4, s16",12,48,/app/aiter/aiter/ops/triton/gemm_afp4wfp4.py:78
4,6580,"v_add_u32_e32 v43, s17, v5",12,48,/app/aiter/aiter/ops/triton/gemm_afp4wfp4.py:78
4,6584,"v_xor_b32_e32 v5, s17, v43",12,48,/app/aiter/aiter/ops/triton/gemm_afp4wfp4.py:78
4,6588,"v_xor_b32_e32 v2, s15, v2",12,48,/app/aiter/aiter/ops/triton/gemm_afp4wfp4.py:77
4,6592,"v_rcp_iflag_f32_e32 v4, v4",12,96,/app/aiter/aiter/ops/triton/gemm_afp4wfp4.py:78
4,6596,"v_subrev_u32_e32 v2, s15, v2",12,48,/app/aiter/aiter/ops/triton/gemm_afp4wfp4.py:77
4,6600,"v_add_u32_e32 v2, v2, v19",12,48,/app/aiter/aiter/ops/triton/gemm_afp4wfp4.py:83
4,6604,"s_and_b32 s9, s9, 0xffff",12,48,/app/aiter/aiter/ops/triton/gemm_afp4wfp4.py:89
4,6612,"v_mul_f32_e32 v4, 0x4f7ffffe, v4",12,48,/app/aiter/aiter/ops/triton/gemm_afp4wfp4.py:78
4,6620,"v_cvt_u32_f32_e32 v4, v4",12,48,/app/aiter/aiter/ops/triton/gemm_afp4wfp4.py:78
4,6624,"s_mov_b32 s11, 0x27000",12,48,/app/aiter/aiter/ops/triton/gemm_afp4wfp4.py:78
4,6632,"s_mov_b32 s10, 0x7ffffffe",12,48,/app/aiter/aiter/ops/triton/gemm_afp4wfp4.py:78
4,6640,"v_add_u32_e32 v20, 0x2000, v2",12,48,/app/aiter/aiter/ops/triton/gemm_afp4wfp4.py:83
4,6648,"v_mul_lo_u32 v6, s1, v4",12,48,/app/aiter/aiter/ops/triton/gemm_afp4wfp4.py:78
4,6656,"v_mul_hi_u32 v6, v4, v6",12,48,/app/aiter/aiter/ops/triton/gemm_afp4wfp4.py:78
4,6664,"v_add_u32_e32 v44, v4, v6",12,48,/app/aiter/aiter/ops/triton/gemm_afp4wfp4.py:78
4,6668,"v_mul_hi_u32 v4, v5, v44",12,48,/app/aiter/aiter/ops/triton/gemm_afp4wfp4.py:78
4,6676,"v_mul_lo_u32 v4, v4, s16",12,48,/app/aiter/aiter/ops/triton/gemm_afp4wfp4.py:78
4,6684,"v_sub_u32_e32 v4, v5, v4",12,48,/app/aiter/aiter/ops/triton/gemm_afp4wfp4.py:78
4,6688,"v_subrev_u32_e32 v5, s16, v4",12,48,/app/aiter/aiter/ops/triton/gemm_afp4wfp4.py:78
4,6692,"v_cmp_le_u32_e32 vcc, s16, v4",12,48,/app/aiter/aiter/ops/triton/gemm_afp4wfp4.py:78
4,6696,"buffer_load_dwordx4 v[6:9], v2, s[8:11], 0 offen",12,80,/app/aiter/aiter/ops/triton/gemm_afp4wfp4.py:89
4,6704,"v_or_b32_e32 v3, s0, v3",12,48,/app/aiter/aiter/ops/triton/gemm_afp4wfp4.py:78
4,6708,"v_cndmask_b32_e32 v4, v4, v5, vcc",12,48,/app/aiter/aiter/ops/triton/gemm_afp4wfp4.py:78
4,6712,"v_subrev_u32_e32 v5, s16, v4",12,48,/app/aiter/aiter/ops/triton/gemm_afp4wfp4.py:78
4,6716,"v_cmp_le_u32_e32 vcc, s16, v4",12,48,/app/aiter/aiter/ops/triton/gemm_afp4wfp4.py:78
4,6720,"v_add_u32_e32 v3, s17, v3",12,48,/app/aiter/aiter/ops/triton/gemm_afp4wfp4.py:78
4,6724,"v_xor_b32_e32 v3, s17, v3",12,48,/app/aiter/aiter/ops/triton/gemm_afp4wfp4.py:78
4,6728,"v_cndmask_b32_e32 v45, v4, v5, vcc",12,48,/app/aiter/aiter/ops/triton/gemm_afp4wfp4.py:78
4,6732,"v_add_u32_e32 v5, 0x1000, v2",12,52,/app/aiter/aiter/ops/triton/gemm_afp4wfp4.py:83
4,6740,"buffer_load_dwordx4 v[10:13], v5, s[8:11], 0 offen",12,48,/app/aiter/aiter/ops/triton/gemm_afp4wfp4.py:89
4,6748,"buffer_load_dwordx4 v[14:17], v20, s[8:11], 0 offen",12,48,/app/aiter/aiter/ops/triton/gemm_afp4wfp4.py:89
4,6756,"v_mul_hi_u32 v4, v3, v44",12,48,/app/aiter/aiter/ops/triton/gemm_afp4wfp4.py:78
4,6764,"v_mul_lo_u32 v4, v4, s16",12,48,/app/aiter/aiter/ops/triton/gemm_afp4wfp4.py:78
4,6772,"v_sub_u32_e32 v3, v3, v4",12,48,/app/aiter/aiter/ops/triton/gemm_afp4wfp4.py:78
4,6776,"v_subrev_u32_e32 v4, s16, v3",12,48,/app/aiter/aiter/ops/triton/gemm_afp4wfp4.py:78
4,6780,"v_cmp_le_u32_e32 vcc, s16, v3",12,48,/app/aiter/aiter/ops/triton/gemm_afp4wfp4.py:78
4,6784,"v_or_b32_e32 v18, s0, v56",12,48,/app/aiter/aiter/ops/triton/gemm_afp4wfp4.py:78
4,6788,"v_lshlrev_b32_e32 v42, 3, v0",12,48,/app/aiter/aiter/ops/triton/gemm_afp4wfp4.py:78
4,6792,"v_cndmask_b32_e32 v3, v3, v4, vcc",12,48,/app/aiter/aiter/ops/triton/gemm_afp4wfp4.py:78
4,6796,"v_subrev_u32_e32 v4, s16, v3",12,48,/app/aiter/aiter/ops/triton/gemm_afp4wfp4.py:78
4,6800,"v_cmp_le_u32_e32 vcc, s16, v3",12,48,/app/aiter/aiter/ops/triton/gemm_afp4wfp4.py:78
4,6804,"v_add_u32_e32 v2, 0x3000, v2",12,48,/app/aiter/aiter/ops/triton/gemm_afp4wfp4.py:83
4,6812,"v_bitop3_b32 v20, v55, 16, v42 bitop3:0x48",12,48,/app/aiter/aiter/ops/triton/gemm_afp4wfp4.py:89
4,6820,"v_cndmask_b32_e32 v46, v3, v4, vcc",12,48,/app/aiter/aiter/ops/triton/gemm_afp4wfp4.py:78
4,6824,"v_add_u32_e32 v3, 32, v43",12,48,/app/aiter/aiter/ops/triton/gemm_afp4wfp4.py:78
4,6828,"v_xor_b32_e32 v3, s17, v3",12,48,/app/aiter/aiter/ops/triton/gemm_afp4wfp4.py:78
4,6832,"v_mul_hi_u32 v4, v3, v44",12,48,/app/aiter/aiter/ops/triton/gemm_afp4wfp4.py:78
4,6840,"v_mul_lo_u32 v4, v4, s16",12,48,/app/aiter/aiter/ops/triton/gemm_afp4wfp4.py:78
4,6848,"v_sub_u32_e32 v3, v3, v4",12,48,/app/aiter/aiter/ops/triton/gemm_afp4wfp4.py:78
4,6852,"v_subrev_u32_e32 v4, s16, v3",12,48,/app/aiter/aiter/ops/triton/gemm_afp4wfp4.py:78
4,6856,"v_cmp_le_u32_e32 vcc, s16, v3",12,48,/app/aiter/aiter/ops/triton/gemm_afp4wfp4.py:78
4,6860,"s_add_i32 s1, 0, 0x20000",12,48,/app/aiter/aiter/ops/triton/gemm_afp4wfp4.py:89
4,6868,"v_lshrrev_b32_e32 v90, 3, v0",12,48,/app/aiter/aiter/ops/triton/gemm_afp4wfp4.py:83
4,6872,"v_cndmask_b32_e32 v3, v3, v4, vcc",12,48,/app/aiter/aiter/ops/triton/gemm_afp4wfp4.py:78
4,6876,"v_subrev_u32_e32 v4, s16, v3",12,48,/app/aiter/aiter/ops/triton/gemm_afp4wfp4.py:78
4,6880,"v_cmp_le_u32_e32 vcc, s16, v3",12,48,/app/aiter/aiter/ops/triton/gemm_afp4wfp4.py:78
4,6884,"v_add_u32_e32 v51, 0x60, v43",12,48,/app/aiter/aiter/ops/triton/gemm_afp4wfp4.py:78
4,6892,"v_add3_u32 v57, s1, v20, v19",12,48,/app/aiter/aiter/ops/triton/gemm_afp4wfp4.py:89
4,6900,"v_cndmask_b32_e32 v47, v3, v4, vcc",12,48,/app/aiter/aiter/ops/triton/gemm_afp4wfp4.py:78
4,6904,"v_add_u32_e32 v3, 48, v43",12,48,/app/aiter/aiter/ops/triton/gemm_afp4wfp4.py:78
4,6908,"v_xor_b32_e32 v3, s17, v3",12,48,/app/aiter/aiter/ops/triton/gemm_afp4wfp4.py:78
4,6912,"v_mul_hi_u32 v4, v3, v44",12,48,/app/aiter/aiter/ops/triton/gemm_afp4wfp4.py:78
4,6920,"v_mul_lo_u32 v4, v4, s16",12,48,/app/aiter/aiter/ops/triton/gemm_afp4wfp4.py:78
4,6928,"v_sub_u32_e32 v3, v3, v4",12,48,/app/aiter/aiter/ops/triton/gemm_afp4wfp4.py:78
4,6932,"v_subrev_u32_e32 v4, s16, v3",12,48,/app/aiter/aiter/ops/triton/gemm_afp4wfp4.py:78
4,6936,"v_cmp_le_u32_e32 vcc, s16, v3",12,48,/app/aiter/aiter/ops/triton/gemm_afp4wfp4.py:78
4,6940,"s_and_b32 s21, s21, 0xffff",12,48,/app/aiter/aiter/ops/triton/gemm_afp4wfp4.py:89
4,6948,"s_mov_b32 s22, s10",12,48,/app/aiter/aiter/ops/triton/gemm_afp4wfp4.py:89
4,6952,"v_cndmask_b32_e32 v3, v3, v4, vcc",12,48,/app/aiter/aiter/ops/triton/gemm_afp4wfp4.py:78
4,6956,"v_subrev_u32_e32 v4, s16, v3",12,48,/app/aiter/aiter/ops/triton/gemm_afp4wfp4.py:78
4,6960,"v_cmp_le_u32_e32 vcc, s16, v3",12,48,/app/aiter/aiter/ops/triton/gemm_afp4wfp4.py:78
4,6964,"s_mov_b32 s23, s11",12,48,/app/aiter/aiter/ops/triton/gemm_afp4wfp4.py:89
4,6968,"v_xor_b32_e32 v51, s17, v51",12,48,/app/aiter/aiter/ops/triton/gemm_afp4wfp4.py:78
4,6972,"v_cndmask_b32_e32 v48, v3, v4, vcc",12,48,/app/aiter/aiter/ops/triton/gemm_afp4wfp4.py:78
4,6976,"v_add_u32_e32 v3, 64, v43",12,48,/app/aiter/aiter/ops/triton/gemm_afp4wfp4.py:78
4,6980,"v_xor_b32_e32 v3, s17, v3",12,48,/app/aiter/aiter/ops/triton/gemm_afp4wfp4.py:78
4,6984,"v_mul_hi_u32 v4, v3, v44",12,48,/app/aiter/aiter/ops/triton/gemm_afp4wfp4.py:78
4,6992,"v_mul_lo_u32 v4, v4, s16",12,48,/app/aiter/aiter/ops/triton/gemm_afp4wfp4.py:78
4,7000,"v_sub_u32_e32 v3, v3, v4",12,48,/app/aiter/aiter/ops/triton/gemm_afp4wfp4.py:78
4,7004,"v_subrev_u32_e32 v4, s16, v3",12,48,/app/aiter/aiter/ops/triton/gemm_afp4wfp4.py:78
4,7008,"v_cmp_le_u32_e32 vcc, s16, v3",12,48,/app/aiter/aiter/ops/triton/gemm_afp4wfp4.py:78
4,7012,"v_xor_b32_e32 v39, s15, v39",12,48,/app/aiter/aiter/ops/triton/gemm_afp4wfp4.py:77
4,7016,"v_and_b32_e32 v82, 0xf0, v55",12,48,/app/aiter/aiter/ops/triton/gemm_afp4wfp4.py:79
4,7024,"v_cndmask_b32_e32 v3, v3, v4, vcc",12,48,/app/aiter/aiter/ops/triton/gemm_afp4wfp4.py:78
4,7028,"v_subrev_u32_e32 v4, s16, v3",12,48,/app/aiter/aiter/ops/triton/gemm_afp4wfp4.py:78
4,7032,"v_cmp_le_u32_e32 vcc, s16, v3",12,48,/app/aiter/aiter/ops/triton/gemm_afp4wfp4.py:78
4,7036,"v_and_b32_e32 v93, 48, v0",12,48,/app/aiter/aiter/ops/triton/gemm_afp4wfp4.py:97
4,7040,"s_add_i32 s18, 0, 0x24000",12,48,/app/aiter/aiter/ops/triton/gemm_afp4wfp4.py:97
4,7048,"v_cndmask_b32_e32 v49, v3, v4, vcc",12,48,/app/aiter/aiter/ops/triton/gemm_afp4wfp4.py:78
4,7052,"v_add_u32_e32 v3, 0x50, v43",12,48,/app/aiter/aiter/ops/triton/gemm_afp4wfp4.py:78
4,7060,"v_xor_b32_e32 v3, s17, v3",12,48,/app/aiter/aiter/ops/triton/gemm_afp4wfp4.py:78
4,7064,"v_mul_hi_u32 v4, v3, v44",12,48,/app/aiter/aiter/ops/triton/gemm_afp4wfp4.py:78
4,7072,"v_mul_lo_u32 v4, v4, s16",12,48,/app/aiter/aiter/ops/triton/gemm_afp4wfp4.py:78
4,7080,"v_sub_u32_e32 v3, v3, v4",12,48,/app/aiter/aiter/ops/triton/gemm_afp4wfp4.py:78
4,7084,"v_subrev_u32_e32 v4, s16, v3",12,48,/app/aiter/aiter/ops/triton/gemm_afp4wfp4.py:78
4,7088,"v_cmp_le_u32_e32 vcc, s16, v3",12,48,/app/aiter/aiter/ops/triton/gemm_afp4wfp4.py:78
4,7092,"v_bfrev_b32_e32 v95, 1",12,48,/app/aiter/aiter/ops/triton/gemm_afp4wfp4.py:97
4,7096,"s_add_i32 s19, 0, 0x10000",12,48,/app/aiter/aiter/ops/triton/gemm_afp4wfp4.py:98
4,7104,"v_cndmask_b32_e32 v3, v3, v4, vcc",12,48,/app/aiter/aiter/ops/triton/gemm_afp4wfp4.py:78
4,7108,"v_subrev_u32_e32 v4, s16, v3",12,48,/app/aiter/aiter/ops/triton/gemm_afp4wfp4.py:78
4,7112,"v_cmp_le_u32_e32 vcc, s16, v3",12,48,/app/aiter/aiter/ops/triton/gemm_afp4wfp4.py:78
4,7116,"s_waitcnt vmcnt(2)",12,48,/app/aiter/aiter/ops/triton/gemm_afp4wfp4.py:89
4,7120,"ds_write_b128 v57, v[6:9]",12,276,/app/aiter/aiter/ops/triton/gemm_afp4wfp4.py:89
4,7128,"v_accvgpr_write_b32 a11, 0",12,48,/app/aiter/aiter/ops/triton/gemm_afp4wfp4.py:89
4,7136,"v_cndmask_b32_e32 v50, v3, v4, vcc",12,48,/app/aiter/aiter/ops/triton/gemm_afp4wfp4.py:78
4,7140,"v_add_u32_e32 v3, s17, v18",12,48,/app/aiter/aiter/ops/triton/gemm_afp4wfp4.py:78
4,7144,"v_xor_b32_e32 v3, s17, v3",12,48,/app/aiter/aiter/ops/triton/gemm_afp4wfp4.py:78
4,7148,"v_mul_hi_u32 v4, v3, v44",12,48,/app/aiter/aiter/ops/triton/gemm_afp4wfp4.py:78
4,7156,"v_mul_lo_u32 v4, v4, s16",12,48,/app/aiter/aiter/ops/triton/gemm_afp4wfp4.py:78
4,7164,"v_sub_u32_e32 v3, v3, v4",12,48,/app/aiter/aiter/ops/triton/gemm_afp4wfp4.py:78
4,7168,"v_subrev_u32_e32 v4, s16, v3",12,48,/app/aiter/aiter/ops/triton/gemm_afp4wfp4.py:78
4,7172,"v_cmp_le_u32_e32 vcc, s16, v3",12,48,/app/aiter/aiter/ops/triton/gemm_afp4wfp4.py:78
4,7176,"v_accvgpr_write_b32 a10, 0",12,48,/app/aiter/aiter/ops/triton/gemm_afp4wfp4.py:78
4,7184,"v_accvgpr_write_b32 a9, 0",12,48,/app/aiter/aiter/ops/triton/gemm_afp4wfp4.py:78
4,7192,"v_cndmask_b32_e32 v3, v3, v4, vcc",12,48,/app/aiter/aiter/ops/triton/gemm_afp4wfp4.py:78
4,7196,"v_subrev_u32_e32 v4, s16, v3",12,48,/app/aiter/aiter/ops/triton/gemm_afp4wfp4.py:78
4,7200,"v_cmp_le_u32_e32 vcc, s16, v3",12,48,/app/aiter/aiter/ops/triton/gemm_afp4wfp4.py:78
4,7204,"v_accvgpr_write_b32 a8, 0",12,48,/app/aiter/aiter/ops/triton/gemm_afp4wfp4.py:78
4,7212,"v_accvgpr_write_b32 a3, 0",12,48,/app/aiter/aiter/ops/triton/gemm_afp4wfp4.py:78
4,7220,"v_cndmask_b32_e32 v3, v3, v4, vcc",12,48,/app/aiter/aiter/ops/triton/gemm_afp4wfp4.py:78
4,7224,"v_xor_b32_e32 v3, s17, v3",12,48,/app/aiter/aiter/ops/triton/gemm_afp4wfp4.py:78
4,7228,"v_subrev_u32_e32 v18, s17, v3",12,48,/app/aiter/aiter/ops/triton/gemm_afp4wfp4.py:78
4,7232,"buffer_load_dwordx4 v[2:5], v2, s[8:11], 0 offen",12,72,/app/aiter/aiter/ops/triton/gemm_afp4wfp4.py:89
4,7240,"s_mov_b32 s8, 0xd000",12,48,/app/aiter/aiter/ops/triton/gemm_afp4wfp4.py:89
4,7248,"v_mad_u32_u24 v52, v90, s8, v18",12,48,/app/aiter/aiter/ops/triton/gemm_afp4wfp4.py:85
4,7256,"s_waitcnt vmcnt(2)",12,48,/app/aiter/aiter/ops/triton/gemm_afp4wfp4.py:89
4,7260,"ds_write_b128 v57, v[10:13] offset:4096",12,264,/app/aiter/aiter/ops/triton/gemm_afp4wfp4.py:89
4,7268,"s_waitcnt vmcnt(1)",12,48,/app/aiter/aiter/ops/triton/gemm_afp4wfp4.py:89
4,7272,"ds_write_b128 v57, v[14:17] offset:8192",12,412,/app/aiter/aiter/ops/triton/gemm_afp4wfp4.py:89
4,7280,"v_add_u32_e32 v14, 0x1a0000, v52",12,116,/app/aiter/aiter/ops/triton/gemm_afp4wfp4.py:85
4,7288,"v_add_u32_e32 v22, 0x340000, v52",12,68,/app/aiter/aiter/ops/triton/gemm_afp4wfp4.py:85
4,7296,"v_add_u32_e32 v23, 0x4e0000, v52",12,88,/app/aiter/aiter/ops/triton/gemm_afp4wfp4.py:85
4,7304,"v_add_u32_e32 v53, 0x680000, v52",12,60,/app/aiter/aiter/ops/triton/gemm_afp4wfp4.py:85
4,7312,"buffer_load_dwordx4 v[6:9], v52, s[20:23], 0 offen",12,136,/app/aiter/aiter/ops/triton/gemm_afp4wfp4.py:89
4,7320,"buffer_load_dwordx4 v[10:13], v14, s[20:23], 0 offen",12,60,/app/aiter/aiter/ops/triton/gemm_afp4wfp4.py:89
4,7328,"s_nop 0",12,48,/app/aiter/aiter/ops/triton/gemm_afp4wfp4.py:89
4,7332,"buffer_load_dwordx4 v[14:17], v22, s[20:23], 0 offen",12,240,/app/aiter/aiter/ops/triton/gemm_afp4wfp4.py:89
4,7340,"buffer_load_dwordx4 v[18:21], v23, s[20:23], 0 offen",12,92,/app/aiter/aiter/ops/triton/gemm_afp4wfp4.py:89
4,7348,"v_add_u32_e32 v54, 0x820000, v52",12,204,/app/aiter/aiter/ops/triton/gemm_afp4wfp4.py:85
4,7356,"v_add_u32_e32 v58, 0x9c0000, v52",12,48,/app/aiter/aiter/ops/triton/gemm_afp4wfp4.py:85
4,7364,"v_add_u32_e32 v59, 0xb60000, v52",12,80,/app/aiter/aiter/ops/triton/gemm_afp4wfp4.py:85
4,7372,"buffer_load_dwordx4 v[22:25], v53, s[20:23], 0 offen",12,488,/app/aiter/aiter/ops/triton/gemm_afp4wfp4.py:89
4,7380,"buffer_load_dwordx4 v[26:29], v54, s[20:23], 0 offen",12,136,/app/aiter/aiter/ops/triton/gemm_afp4wfp4.py:89
4,7388,"buffer_load_dwordx4 v[30:33], v58, s[20:23], 0 offen",12,148,/app/aiter/aiter/ops/triton/gemm_afp4wfp4.py:89
4,7396,"buffer_load_dwordx4 v[34:37], v59, s[20:23], 0 offen",12,152,/app/aiter/aiter/ops/triton/gemm_afp4wfp4.py:89
4,7404,"v_mul_hi_u32 v53, v51, v44",12,60,/app/aiter/aiter/ops/triton/gemm_afp4wfp4.py:78
4,7412,"v_mul_lo_u32 v53, v53, s16",12,48,/app/aiter/aiter/ops/triton/gemm_afp4wfp4.py:78
4,7420,"v_sub_u32_e32 v51, v51, v53",12,48,/app/aiter/aiter/ops/triton/gemm_afp4wfp4.py:78
4,7424,"v_subrev_u32_e32 v54, s15, v39",12,48,/app/aiter/aiter/ops/triton/gemm_afp4wfp4.py:77
4,7428,"v_xor_b32_e32 v39, s15, v41",12,48,/app/aiter/aiter/ops/triton/gemm_afp4wfp4.py:77
4,7432,"v_xor_b32_e32 v41, s17, v46",12,108,/app/aiter/aiter/ops/triton/gemm_afp4wfp4.py:78
4,7436,"v_subrev_u32_e32 v53, s16, v51",12,48,/app/aiter/aiter/ops/triton/gemm_afp4wfp4.py:78
4,7440,"v_cmp_le_u32_e32 vcc, s16, v51",12,48,/app/aiter/aiter/ops/triton/gemm_afp4wfp4.py:78
4,7444,"v_subrev_u32_e32 v84, s15, v39",12,48,/app/aiter/aiter/ops/triton/gemm_afp4wfp4.py:77
4,7448,"v_xor_b32_e32 v39, s17, v45",12,48,/app/aiter/aiter/ops/triton/gemm_afp4wfp4.py:78
4,7452,"v_subrev_u32_e32 v45, s17, v41",12,48,/app/aiter/aiter/ops/triton/gemm_afp4wfp4.py:78
4,7456,"v_xor_b32_e32 v41, s17, v47",12,48,/app/aiter/aiter/ops/triton/gemm_afp4wfp4.py:78
4,7460,"v_cndmask_b32_e32 v51, v51, v53, vcc",12,48,/app/aiter/aiter/ops/triton/gemm_afp4wfp4.py:78
4,7464,"v_subrev_u32_e32 v46, s17, v41",12,48,/app/aiter/aiter/ops/triton/gemm_afp4wfp4.py:78
4,7468,"v_xor_b32_e32 v41, s17, v48",12,48,/app/aiter/aiter/ops/triton/gemm_afp4wfp4.py:78
4,7472,"v_subrev_u32_e32 v53, s16, v51",12,48,/app/aiter/aiter/ops/triton/gemm_afp4wfp4.py:78
4,7476,"v_cmp_le_u32_e32 vcc, s16, v51",12,48,/app/aiter/aiter/ops/triton/gemm_afp4wfp4.py:78
4,7480,"v_subrev_u32_e32 v47, s17, v41",12,48,/app/aiter/aiter/ops/triton/gemm_afp4wfp4.py:78
4,7484,"v_xor_b32_e32 v41, s17, v49",12,48,/app/aiter/aiter/ops/triton/gemm_afp4wfp4.py:78
4,7488,"v_cndmask_b32_e32 v51, v51, v53, vcc",12,48,/app/aiter/aiter/ops/triton/gemm_afp4wfp4.py:78
4,7492,"v_subrev_u32_e32 v48, s17, v41",12,48,/app/aiter/aiter/ops/triton/gemm_afp4wfp4.py:78
4,7496,"v_xor_b32_e32 v41, s17, v50",12,48,/app/aiter/aiter/ops/triton/gemm_afp4wfp4.py:78
4,7500,"v_subrev_u32_e32 v49, s17, v41",12,48,/app/aiter/aiter/ops/triton/gemm_afp4wfp4.py:78
4,7504,"v_xor_b32_e32 v41, s17, v51",12,48,/app/aiter/aiter/ops/triton/gemm_afp4wfp4.py:78
4,7508,"v_subrev_u32_e32 v50, s17, v41",12,48,/app/aiter/aiter/ops/triton/gemm_afp4wfp4.py:78
4,7512,"v_add_u32_e32 v41, 0x70, v43",12,48,/app/aiter/aiter/ops/triton/gemm_afp4wfp4.py:78
4,7520,"v_xor_b32_e32 v41, s17, v41",12,48,/app/aiter/aiter/ops/triton/gemm_afp4wfp4.py:78
4,7524,"v_mul_hi_u32 v43, v41, v44",12,48,/app/aiter/aiter/ops/triton/gemm_afp4wfp4.py:78
4,7532,"v_mul_lo_u32 v43, v43, s16",12,48,/app/aiter/aiter/ops/triton/gemm_afp4wfp4.py:78
4,7540,"v_sub_u32_e32 v41, v41, v43",12,48,/app/aiter/aiter/ops/triton/gemm_afp4wfp4.py:78
4,7544,"v_subrev_u32_e32 v43, s16, v41",12,48,/app/aiter/aiter/ops/triton/gemm_afp4wfp4.py:78
4,7548,"v_cmp_le_u32_e32 vcc, s16, v41",12,48,/app/aiter/aiter/ops/triton/gemm_afp4wfp4.py:78
4,7552,"v_subrev_u32_e32 v39, s17, v39",12,48,/app/aiter/aiter/ops/triton/gemm_afp4wfp4.py:78
4,7556,"s_movk_i32 s8, 0xf0",12,48,/app/aiter/aiter/ops/triton/gemm_afp4wfp4.py:78
4,7560,"v_cndmask_b32_e32 v41, v41, v43, vcc",12,48,/app/aiter/aiter/ops/triton/gemm_afp4wfp4.py:78
4,7564,"v_subrev_u32_e32 v43, s16, v41",12,48,/app/aiter/aiter/ops/triton/gemm_afp4wfp4.py:78
4,7568,"v_cmp_le_u32_e32 vcc, s16, v41",12,48,/app/aiter/aiter/ops/triton/gemm_afp4wfp4.py:78
4,7572,"v_lshl_or_b32 v44, v46, 13, v82",12,48,/app/aiter/aiter/ops/triton/gemm_afp4wfp4.py:80
4,7580,"v_lshl_or_b32 v46, v48, 13, v82",12,48,/app/aiter/aiter/ops/triton/gemm_afp4wfp4.py:80
4,7588,"v_cndmask_b32_e32 v41, v41, v43, vcc",12,48,/app/aiter/aiter/ops/triton/gemm_afp4wfp4.py:78
4,7592,"v_xor_b32_e32 v41, s17, v41",12,48,/app/aiter/aiter/ops/triton/gemm_afp4wfp4.py:78
4,7596,"v_subrev_u32_e32 v51, s17, v41",12,48,/app/aiter/aiter/ops/triton/gemm_afp4wfp4.py:78
4,7600,"v_lshl_or_b32 v41, v39, 13, v82",12,48,/app/aiter/aiter/ops/triton/gemm_afp4wfp4.py:80
4,7608,"v_lshl_or_b32 v48, v50, 13, v82",12,48,/app/aiter/aiter/ops/triton/gemm_afp4wfp4.py:80
4,7616,"v_add_u32_e32 v39, 0xd00000, v52",12,48,/app/aiter/aiter/ops/triton/gemm_afp4wfp4.py:85
4,7624,"v_add_u32_e32 v50, 0xea0000, v52",12,48,/app/aiter/aiter/ops/triton/gemm_afp4wfp4.py:85
4,7632,"v_lshl_or_b32 v43, v45, 13, v82",12,48,/app/aiter/aiter/ops/triton/gemm_afp4wfp4.py:80
4,7640,"v_lshl_or_b32 v45, v47, 13, v82",12,48,/app/aiter/aiter/ops/triton/gemm_afp4wfp4.py:80
4,7648,"v_lshl_or_b32 v47, v49, 13, v82",12,48,/app/aiter/aiter/ops/triton/gemm_afp4wfp4.py:80
4,7656,"v_lshl_or_b32 v49, v51, 13, v82",12,48,/app/aiter/aiter/ops/triton/gemm_afp4wfp4.py:80
4,7664,"v_add_u32_e32 v51, 0x1040000, v52",12,48,/app/aiter/aiter/ops/triton/gemm_afp4wfp4.py:85
4,7672,"v_add_u32_e32 v83, 0x11e0000, v52",12,48,/app/aiter/aiter/ops/triton/gemm_afp4wfp4.py:85
4,7680,"v_add_u32_e32 v85, 0x1380000, v52",12,48,/app/aiter/aiter/ops/triton/gemm_afp4wfp4.py:85
4,7688,"v_add_u32_e32 v86, 0x1520000, v52",12,48,/app/aiter/aiter/ops/triton/gemm_afp4wfp4.py:85
4,7696,"buffer_load_dwordx4 v[58:61], v39, s[20:23], 0 offen",12,840,/app/aiter/aiter/ops/triton/gemm_afp4wfp4.py:89
4,7704,"buffer_load_dwordx4 v[62:65], v50, s[20:23], 0 offen",12,272,/app/aiter/aiter/ops/triton/gemm_afp4wfp4.py:89
4,7712,"buffer_load_dwordx4 v[66:69], v51, s[20:23], 0 offen",12,248,/app/aiter/aiter/ops/triton/gemm_afp4wfp4.py:89
4,7720,"buffer_load_dwordx4 v[70:73], v83, s[20:23], 0 offen",12,232,/app/aiter/aiter/ops/triton/gemm_afp4wfp4.py:89
4,7728,"buffer_load_dwordx4 v[74:77], v85, s[20:23], 0 offen",12,468,/app/aiter/aiter/ops/triton/gemm_afp4wfp4.py:89
4,7736,"buffer_load_dwordx4 v[78:81], v86, s[20:23], 0 offen",12,260,/app/aiter/aiter/ops/triton/gemm_afp4wfp4.py:89
4,7744,"v_bitop3_b32 v39, v55, v93, s8 bitop3:0x6c",12,48,/app/aiter/aiter/ops/triton/gemm_afp4wfp4.py:97
4,7752,"v_and_b32_e32 v50, 0xc0, v0",12,48,/app/aiter/aiter/ops/triton/gemm_afp4wfp4.py:97
4,7760,"v_xor_b32_e32 v50, v39, v50",12,48,/app/aiter/aiter/ops/triton/gemm_afp4wfp4.py:97
4,7764,"v_sub_u32_e32 v83, v50, v82",12,48,/app/aiter/aiter/ops/triton/gemm_afp4wfp4.py:97
4,7768,"v_and_b32_e32 v53, 63, v0",12,52,/app/aiter/aiter/ops/triton/gemm_afp4wfp4.py:77
4,7772,"v_ashrrev_i16_e32 v83, 4, v83",12,48,/app/aiter/aiter/ops/triton/gemm_afp4wfp4.py:97
4,7776,"v_add_u32_sdwa v87, v53, sext(v83) dst_sel:DWORD dst_unused:UNUSED_PAD src0_sel:DWORD src1_sel:WORD_0",12,48,/app/aiter/aiter/ops/triton/gemm_afp4wfp4.py:97
4,7784,"v_mov_b32_e32 v53, 4",12,52,/app/aiter/aiter/ops/triton/gemm_afp4wfp4.py:97
4,7788,"v_lshlrev_b32_e32 v51, 8, v1",12,48,/app/aiter/aiter/ops/triton/gemm_afp4wfp4.py:97
4,7792,"v_lshlrev_b32_sdwa v94, v53, sext(v83) dst_sel:DWORD dst_unused:UNUSED_PAD src0_sel:DWORD src1_sel:WORD_0",12,52,/app/aiter/aiter/ops/triton/gemm_afp4wfp4.py:97
4,7800,"v_add_u32_e32 v91, 0x16c0000, v52",12,48,/app/aiter/aiter/ops/triton/gemm_afp4wfp4.py:85
4,7808,"v_add_u32_e32 v92, 0x1860000, v52",12,48,/app/aiter/aiter/ops/triton/gemm_afp4wfp4.py:85
4,7816,"v_or_b32_e32 v52, v82, v51",12,48,/app/aiter/aiter/ops/triton/gemm_afp4wfp4.py:97
4,7820,"v_add_u32_e32 v88, v94, v82",12,56,/app/aiter/aiter/ops/triton/gemm_afp4wfp4.py:79
4,7824,"v_lshrrev_b64 v[82:83], v87, exec",12,60,/app/aiter/aiter/ops/triton/gemm_afp4wfp4.py:97
4,7832,"v_add_u32_e32 v85, s18, v52",12,48,/app/aiter/aiter/ops/triton/gemm_afp4wfp4.py:97
4,7836,"v_lshl_add_u32 v53, v54, 13, v88",12,52,/app/aiter/aiter/ops/triton/gemm_afp4wfp4.py:97
4,7844,"v_and_b32_e32 v54, 1, v82",12,48,/app/aiter/aiter/ops/triton/gemm_afp4wfp4.py:97
4,7848,"v_cmp_eq_u32_e32 vcc, 1, v54",12,48,/app/aiter/aiter/ops/triton/gemm_afp4wfp4.py:97
4,7852,"v_readfirstlane_b32 s15, v85",12,48,/app/aiter/aiter/ops/triton/gemm_afp4wfp4.py:97
4,7856,"s_and_b32 s9, s3, 0xffff",12,48,/app/aiter/aiter/ops/triton/gemm_afp4wfp4.py:97
4,7864,"s_mov_b32 s8, s2",12,48,/app/aiter/aiter/ops/triton/gemm_afp4wfp4.py:97
4,7868,"v_cndmask_b32_e32 v54, v95, v53, vcc",12,48,/app/aiter/aiter/ops/triton/gemm_afp4wfp4.py:97
4,7872,"s_mov_b32 m0, s15",12,48,/app/aiter/aiter/ops/triton/gemm_afp4wfp4.py:97
4,7876,"v_add_u32_e32 v86, 0x1000, v85",12,48,/app/aiter/aiter/ops/triton/gemm_afp4wfp4.py:97
4,7884,"buffer_load_dwordx4 v54, s[8:11], 0 offen lds",12,3568,/app/aiter/aiter/ops/triton/gemm_afp4wfp4.py:97
4,7892,"v_lshl_add_u32 v54, v84, 13, v88",12,92,/app/aiter/aiter/ops/triton/gemm_afp4wfp4.py:97
4,7900,"v_readfirstlane_b32 s15, v86",12,92,/app/aiter/aiter/ops/triton/gemm_afp4wfp4.py:97
4,7904,"buffer_load_dwordx4 v[82:85], v91, s[20:23], 0 offen",12,3288,/app/aiter/aiter/ops/triton/gemm_afp4wfp4.py:89
4,7912,"buffer_load_dwordx4 v[86:89], v92, s[20:23], 0 offen",12,228,/app/aiter/aiter/ops/triton/gemm_afp4wfp4.py:89
4,7920,"v_add_u32_e32 v91, s19, v52",12,60,/app/aiter/aiter/ops/triton/gemm_afp4wfp4.py:98
4,7924,"v_cndmask_b32_e32 v96, v95, v54, vcc",12,48,/app/aiter/aiter/ops/triton/gemm_afp4wfp4.py:97
4,7928,"s_mov_b32 m0, s15",12,48,/app/aiter/aiter/ops/triton/gemm_afp4wfp4.py:97
4,7932,"v_add_u32_e32 v92, 0x1000, v91",12,48,/app/aiter/aiter/ops/triton/gemm_afp4wfp4.py:98
4,7940,"v_add_u32_e32 v100, v41, v94",12,48,/app/aiter/aiter/ops/triton/gemm_afp4wfp4.py:98
4,7944,"v_readfirstlane_b32 s15, v91",12,48,/app/aiter/aiter/ops/triton/gemm_afp4wfp4.py:98
4,7948,"buffer_load_dwordx4 v96, s[8:11], 0 offen lds",12,2328,/app/aiter/aiter/ops/triton/gemm_afp4wfp4.py:97
4,7956,"s_and_b32 s9, s5, 0xffff",12,48,/app/aiter/aiter/ops/triton/gemm_afp4wfp4.py:98
4,7964,"s_mov_b32 s8, s4",12,48,/app/aiter/aiter/ops/triton/gemm_afp4wfp4.py:98
4,7968,"v_cndmask_b32_e32 v100, v95, v100, vcc",12,60,/app/aiter/aiter/ops/triton/gemm_afp4wfp4.py:98
4,7972,"s_mov_b32 m0, s15",12,48,/app/aiter/aiter/ops/triton/gemm_afp4wfp4.py:98
4,7976,"v_readfirstlane_b32 s15, v92",12,48,/app/aiter/aiter/ops/triton/gemm_afp4wfp4.py:98
4,7980,"v_add_u32_e32 v92, v43, v94",12,64,/app/aiter/aiter/ops/triton/gemm_afp4wfp4.py:98
4,7984,"v_add_u32_e32 v96, 0x2000, v91",12,56,/app/aiter/aiter/ops/triton/gemm_afp4wfp4.py:98
4,7992,"buffer_load_dwordx4 v100, s[8:11], 0 offen sc0 nt lds",12,1972,/app/aiter/aiter/ops/triton/gemm_afp4wfp4.py:98
4,8000,"v_cndmask_b32_e32 v92, v95, v92, vcc",12,48,/app/aiter/aiter/ops/triton/gemm_afp4wfp4.py:98
4,8004,"s_mov_b32 m0, s15",12,48,/app/aiter/aiter/ops/triton/gemm_afp4wfp4.py:98
4,8008,"v_readfirstlane_b32 s15, v96",12,76,/app/aiter/aiter/ops/triton/gemm_afp4wfp4.py:98
4,8012,"buffer_load_dwordx4 v92, s[8:11], 0 offen sc0 nt lds",12,2308,/app/aiter/aiter/ops/triton/gemm_afp4wfp4.py:98
4,8020,"v_add_u32_e32 v92, v44, v94",12,56,/app/aiter/aiter/ops/triton/gemm_afp4wfp4.py:98
4,8024,"v_add_u32_e32 v97, 0x3000, v91",12,52,/app/aiter/aiter/ops/triton/gemm_afp4wfp4.py:98
4,8032,"v_cndmask_b32_e32 v92, v95, v92, vcc",12,56,/app/aiter/aiter/ops/triton/gemm_afp4wfp4.py:98
4,8036,"s_mov_b32 m0, s15",12,48,/app/aiter/aiter/ops/triton/gemm_afp4wfp4.py:98
4,8040,"v_readfirstlane_b32 s15, v97",12,48,/app/aiter/aiter/ops/triton/gemm_afp4wfp4.py:98
4,8044,"buffer_load_dwordx4 v92, s[8:11], 0 offen sc0 nt lds",12,2432,/app/aiter/aiter/ops/triton/gemm_afp4wfp4.py:98
4,8052,"v_add_u32_e32 v92, v45, v94",12,48,/app/aiter/aiter/ops/triton/gemm_afp4wfp4.py:98
4,8056,"v_add_u32_e32 v98, 0x4000, v91",12,48,/app/aiter/aiter/ops/triton/gemm_afp4wfp4.py:98
4,8064,"v_cndmask_b32_e32 v92, v95, v92, vcc",12,52,/app/aiter/aiter/ops/triton/gemm_afp4wfp4.py:98
4,8068,"s_mov_b32 m0, s15",12,48,/app/aiter/aiter/ops/triton/gemm_afp4wfp4.py:98
4,8072,"v_readfirstlane_b32 s15, v98",12,60,/app/aiter/aiter/ops/triton/gemm_afp4wfp4.py:98
4,8076,"buffer_load_dwordx4 v92, s[8:11], 0 offen sc0 nt lds",12,3088,/app/aiter/aiter/ops/triton/gemm_afp4wfp4.py:98
4,8084,"v_add_u32_e32 v92, v46, v94",12,48,/app/aiter/aiter/ops/triton/gemm_afp4wfp4.py:98
4,8088,"v_add_u32_e32 v99, 0x5000, v91",12,48,/app/aiter/aiter/ops/triton/gemm_afp4wfp4.py:98
4,8096,"v_cndmask_b32_e32 v92, v95, v92, vcc",12,48,/app/aiter/aiter/ops/triton/gemm_afp4wfp4.py:98
4,8100,"s_mov_b32 m0, s15",12,52,/app/aiter/aiter/ops/triton/gemm_afp4wfp4.py:98
4,8104,"v_readfirstlane_b32 s15, v99",12,52,/app/aiter/aiter/ops/triton/gemm_afp4wfp4.py:98
4,8108,"buffer_load_dwordx4 v92, s[8:11], 0 offen sc0 nt lds",12,2732,/app/aiter/aiter/ops/triton/gemm_afp4wfp4.py:98
4,8116,"v_add_u32_e32 v92, v47, v94",12,48,/app/aiter/aiter/ops/triton/gemm_afp4wfp4.py:98
4,8120,"v_add_u32_e32 v100, 0x6000, v91",12,48,/app/aiter/aiter/ops/triton/gemm_afp4wfp4.py:98
4,8128,"v_cndmask_b32_e32 v92, v95, v92, vcc",12,48,/app/aiter/aiter/ops/triton/gemm_afp4wfp4.py:98
4,8132,"s_mov_b32 m0, s15",12,48,/app/aiter/aiter/ops/triton/gemm_afp4wfp4.py:98
4,8136,"v_readfirstlane_b32 s15, v100",12,48,/app/aiter/aiter/ops/triton/gemm_afp4wfp4.py:98
4,8140,"buffer_load_dwordx4 v92, s[8:11], 0 offen sc0 nt lds",12,1544,/app/aiter/aiter/ops/triton/gemm_afp4wfp4.py:98
4,8148,"v_add_u32_e32 v92, v48, v94",12,48,/app/aiter/aiter/ops/triton/gemm_afp4wfp4.py:98
4,8152,"v_cndmask_b32_e32 v92, v95, v92, vcc",12,48,/app/aiter/aiter/ops/triton/gemm_afp4wfp4.py:98
4,8156,"s_mov_b32 m0, s15",12,48,/app/aiter/aiter/ops/triton/gemm_afp4wfp4.py:98
4,8160,"v_add_u32_e32 v91, 0x7000, v91",12,48,/app/aiter/aiter/ops/triton/gemm_afp4wfp4.py:98
4,8168,"buffer_load_dwordx4 v92, s[8:11], 0 offen sc0 nt lds",12,1548,/app/aiter/aiter/ops/triton/gemm_afp4wfp4.py:98
4,8176,"v_add_u32_e32 v92, v49, v94",12,48,/app/aiter/aiter/ops/triton/gemm_afp4wfp4.py:98
4,8180,"v_readfirstlane_b32 s15, v91",12,48,/app/aiter/aiter/ops/triton/gemm_afp4wfp4.py:98
4,8184,"v_cndmask_b32_e32 v92, v95, v92, vcc",12,48,/app/aiter/aiter/ops/triton/gemm_afp4wfp4.py:98
4,8188,"s_mov_b32 m0, s15",12,52,/app/aiter/aiter/ops/triton/gemm_afp4wfp4.py:98
4,8192,"s_waitcnt vmcnt(0)",12,23632,/app/aiter/aiter/ops/triton/gemm_afp4wfp4.py:89
4,8196,"ds_write_b128 v57, v[2:5] offset:12288",12,240,/app/aiter/aiter/ops/triton/gemm_afp4wfp4.py:89
4,8204,"buffer_load_dwordx4 v92, s[8:11], 0 offen sc0 nt lds",12,48,/app/aiter/aiter/ops/triton/gemm_afp4wfp4.py:98
4,8212,"s_movk_i32 s8, 0x70",12,48,/app/aiter/aiter/ops/triton/gemm_afp4wfp4.py:98
4,8216,"v_lshlrev_b32_e32 v2, 1, v0",12,48,/app/aiter/aiter/ops/triton/gemm_afp4wfp4.py:89
4,8220,"v_bitop3_b32 v2, v55, s8, v2 bitop3:0x48",12,48,/app/aiter/aiter/ops/triton/gemm_afp4wfp4.py:89
4,8228,"v_lshlrev_b32_e32 v3, 7, v90",12,48,/app/aiter/aiter/ops/triton/gemm_afp4wfp4.py:89
4,8232,"v_add3_u32 v2, 0, v2, v3",12,48,/app/aiter/aiter/ops/triton/gemm_afp4wfp4.py:89
4,8240,"s_waitcnt vmcnt(0)",12,19340,/app/aiter/aiter/ops/triton/gemm_afp4wfp4.py:89
4,8244,"ds_write_b128 v2, v[6:9]",12,312,/app/aiter/aiter/ops/triton/gemm_afp4wfp4.py:89
4,8252,"ds_write_b128 v2, v[10:13] offset:4096",12,532,/app/aiter/aiter/ops/triton/gemm_afp4wfp4.py:89
4,8260,"ds_write_b128 v2, v[14:17] offset:8192",12,572,/app/aiter/aiter/ops/triton/gemm_afp4wfp4.py:89
4,8268,"ds_write_b128 v2, v[18:21] offset:12288",12,592,/app/aiter/aiter/ops/triton/gemm_afp4wfp4.py:89
4,8276,"ds_write_b128 v2, v[22:25] offset:16384",12,600,/app/aiter/aiter/ops/triton/gemm_afp4wfp4.py:89
4,8284,"ds_write_b128 v2, v[26:29] offset:20480",12,592,/app/aiter/aiter/ops/triton/gemm_afp4wfp4.py:89
4,8292,"ds_write_b128 v2, v[30:33] offset:24576",12,608,/app/aiter/aiter/ops/triton/gemm_afp4wfp4.py:89
4,8300,"ds_write_b128 v2, v[34:37] offset:28672",12,600,/app/aiter/aiter/ops/triton/gemm_afp4wfp4.py:89
4,8308,"v_bfe_i32 v3, v0, 4, 1",12,48,/app/aiter/aiter/ops/triton/gemm_afp4wfp4.py:77
4,8316,"v_and_b32_e32 v4, 32, v0",12,48,/app/aiter/aiter/ops/triton/gemm_afp4wfp4.py:77
4,8320,"v_and_b32_e32 v9, 15, v0",12,48,/app/aiter/aiter/ops/triton/gemm_afp4wfp4.py:77
4,8324,"ds_write_b128 v2, v[58:61] offset:32768",12,412,/app/aiter/aiter/ops/triton/gemm_afp4wfp4.py:89
4,8332,"ds_write_b128 v2, v[62:65] offset:36864",12,592,/app/aiter/aiter/ops/triton/gemm_afp4wfp4.py:89
4,8340,"ds_write_b128 v2, v[66:69] offset:40960",12,584,/app/aiter/aiter/ops/triton/gemm_afp4wfp4.py:89
4,8348,"ds_write_b128 v2, v[70:73] offset:45056",12,592,/app/aiter/aiter/ops/triton/gemm_afp4wfp4.py:89
4,8356,"ds_write_b128 v2, v[74:77] offset:49152",12,604,/app/aiter/aiter/ops/triton/gemm_afp4wfp4.py:89
4,8364,"ds_write_b128 v2, v[78:81] offset:53248",12,560,/app/aiter/aiter/ops/triton/gemm_afp4wfp4.py:89
4,8372,"ds_write_b128 v2, v[82:85] offset:57344",12,564,/app/aiter/aiter/ops/triton/gemm_afp4wfp4.py:89
4,8380,"ds_write_b128 v2, v[86:89] offset:61440",12,528,/app/aiter/aiter/ops/triton/gemm_afp4wfp4.py:89
4,8388,"v_and_b32_e32 v13, 48, v3",12,144,/app/aiter/aiter/ops/triton/gemm_afp4wfp4.py:89
4,8392,"v_lshlrev_b32_e32 v11, 1, v4",12,52,/app/aiter/aiter/ops/triton/gemm_afp4wfp4.py:89
4,8396,"v_or_b32_e32 v2, 16, v9",12,156,/app/aiter/aiter/ops/triton/gemm_afp4wfp4.py:89
4,8400,"v_bitop3_b32 v12, v3, v2, 48 bitop3:0x6c",12,56,/app/aiter/aiter/ops/triton/gemm_afp4wfp4.py:89
4,8408,"v_bitop3_b32 v15, v11, v13, v2 bitop3:0xf6",12,76,/app/aiter/aiter/ops/triton/gemm_afp4wfp4.py:89
4,8416,"v_lshrrev_b32_e32 v2, 2, v0",12,48,/app/aiter/aiter/ops/triton/gemm_afp4wfp4.py:89
4,8420,"v_bfe_i32 v5, v0, 5, 1",12,64,/app/aiter/aiter/ops/triton/gemm_afp4wfp4.py:77
4,8428,"v_and_or_b32 v18, v2, 48, v9",12,48,/app/aiter/aiter/ops/triton/gemm_afp4wfp4.py:77
4,8436,"v_and_b32_e32 v6, 48, v55",12,88,/app/aiter/aiter/ops/triton/gemm_afp4wfp4.py:78
4,8440,"v_and_b32_e32 v3, 0x90, v3",12,48,/app/aiter/aiter/ops/triton/gemm_afp4wfp4.py:78
4,8448,"v_and_b32_e32 v4, 0x120, v5",12,48,/app/aiter/aiter/ops/triton/gemm_afp4wfp4.py:78
4,8456,"v_or_b32_e32 v7, 64, v18",12,48,/app/aiter/aiter/ops/triton/gemm_afp4wfp4.py:78
4,8460,"v_and_b32_e32 v17, 0x80, v55",12,48,/app/aiter/aiter/ops/triton/gemm_afp4wfp4.py:79
4,8468,"v_or_b32_e32 v5, v4, v3",12,48,/app/aiter/aiter/ops/triton/gemm_afp4wfp4.py:79
4,8472,"v_bitop3_b32 v10, v4, v18, v3 bitop3:0x36",12,48,/app/aiter/aiter/ops/triton/gemm_afp4wfp4.py:79
4,8480,"v_bitop3_b32 v4, v4, v7, v3 bitop3:0x36",12,48,/app/aiter/aiter/ops/triton/gemm_afp4wfp4.py:79
4,8488,"v_bitop3_b32 v3, v6, v55, 64 bitop3:0x72",12,112,/app/aiter/aiter/ops/triton/gemm_afp4wfp4.py:79
4,8496,"s_movk_i32 s8, 0x400",12,48,/app/aiter/aiter/ops/triton/gemm_afp4wfp4.py:79
4,8500,"v_bitop3_b32 v8, v3, v93, v17 bitop3:0x36",12,48,/app/aiter/aiter/ops/triton/gemm_afp4wfp4.py:79
4,8508,"v_or_b32_e32 v3, 0x80, v56",12,48,/app/aiter/aiter/ops/triton/gemm_afp4wfp4.py:79
4,8516,"s_add_u32 s4, s4, 0x100",12,48,/app/aiter/aiter/ops/triton/gemm_afp4wfp4.py:89
4,8524,"v_bitop3_b32 v16, v5, s8, v7 bitop3:0xde",12,48,/app/aiter/aiter/ops/triton/gemm_afp4wfp4.py:89
4,8532,"v_bitop3_b32 v7, v17, v3, v93 bitop3:0x36",12,48,/app/aiter/aiter/ops/triton/gemm_afp4wfp4.py:89
4,8540,"v_or_b32_e32 v3, 0xc0, v6",12,48,/app/aiter/aiter/ops/triton/gemm_afp4wfp4.py:89
4,8548,"v_and_or_b32 v6, v55, 64, v93",12,48,/app/aiter/aiter/ops/triton/gemm_afp4wfp4.py:89
4,8556,"s_addc_u32 s5, s5, 0",12,48,/app/aiter/aiter/ops/triton/gemm_afp4wfp4.py:89
4,8560,"v_bitop3_b32 v6, v6, v3, v17 bitop3:0x36",12,84,/app/aiter/aiter/ops/triton/gemm_afp4wfp4.py:89
4,8568,"v_lshlrev_b32_e32 v3, 8, v0",12,48,/app/aiter/aiter/ops/triton/gemm_afp4wfp4.py:89
4,8572,"s_add_u32 s2, s2, 0x100",12,48,/app/aiter/aiter/ops/triton/gemm_afp4wfp4.py:89
4,8580,"s_mov_b32 s20, 0",12,48,/app/aiter/aiter/ops/triton/gemm_afp4wfp4.py:89
4,8584,"v_or3_b32 v14, v11, v9, v13",12,48,/app/aiter/aiter/ops/triton/gemm_afp4wfp4.py:89
4,8592,"v_lshlrev_b32_e32 v5, 8, v9",12,48,/app/aiter/aiter/ops/triton/gemm_afp4wfp4.py:89
4,8596,"v_and_b32_e32 v3, 0xf00, v3",12,48,/app/aiter/aiter/ops/triton/gemm_afp4wfp4.py:89
4,8604,"v_lshlrev_b32_e32 v17, 8, v18",12,52,/app/aiter/aiter/ops/triton/gemm_afp4wfp4.py:89
4,8608,"s_addc_u32 s3, s3, 0",12,48,/app/aiter/aiter/ops/triton/gemm_afp4wfp4.py:89
4,8612,"v_accvgpr_write_b32 a2, 0",12,48,/app/aiter/aiter/ops/triton/gemm_afp4wfp4.py:89
4,8620,"v_accvgpr_write_b32 a1, 0",12,48,/app/aiter/aiter/ops/triton/gemm_afp4wfp4.py:89
4,8628,"v_accvgpr_write_b32 a0, 0",12,48,/app/aiter/aiter/ops/triton/gemm_afp4wfp4.py:89
4,8636,"v_accvgpr_write_b32 a15, 0",12,48,/app/aiter/aiter/ops/triton/gemm_afp4wfp4.py:89
4,8644,"v_accvgpr_write_b32 a14, 0",12,48,/app/aiter/aiter/ops/triton/gemm_afp4wfp4.py:89
4,8652,"v_accvgpr_write_b32 a13, 0",12,48,/app/aiter/aiter/ops/triton/gemm_afp4wfp4.py:89
4,8660,"v_accvgpr_write_b32 a12, 0",12,48,/app/aiter/aiter/ops/triton/gemm_afp4wfp4.py:89
4,8668,"v_accvgpr_write_b32 a7, 0",12,48,/app/aiter/aiter/ops/triton/gemm_afp4wfp4.py:89
4,8676,"v_accvgpr_write_b32 a6, 0",12,48,/app/aiter/aiter/ops/triton/gemm_afp4wfp4.py:89
4,8684,"v_accvgpr_write_b32 a5, 0",12,48,/app/aiter/aiter/ops/triton/gemm_afp4wfp4.py:89
4,8692,"v_accvgpr_write_b32 a4, 0",12,48,/app/aiter/aiter/ops/triton/gemm_afp4wfp4.py:89
4,8700,"s_movk_i32 s15, 0x240",12,48,/app/aiter/aiter/ops/triton/gemm_afp4wfp4.py:89
4,8704,"s_movk_i32 s16, 0x640",12,48,/app/aiter/aiter/ops/triton/gemm_afp4wfp4.py:89
4,8708,"s_mov_b32 s17, 0",12,48,/app/aiter/aiter/ops/triton/gemm_afp4wfp4.py:89
4,8712,"s_nop 2",372,10224,/app/aiter/aiter/ops/triton/gemm_afp4wfp4.py:89
4,8716,"v_accvgpr_read_b32 v27, a3",372,1572,/app/aiter/aiter/ops/triton/gemm_afp4wfp4.py:89
4,8724,"v_accvgpr_read_b32 v26, a2",372,1492,/app/aiter/aiter/ops/triton/gemm_afp4wfp4.py:89
4,8732,"v_accvgpr_read_b32 v25, a1",372,1580,/app/aiter/aiter/ops/triton/gemm_afp4wfp4.py:89
4,8740,"v_accvgpr_read_b32 v24, a0",372,1488,/app/aiter/aiter/ops/triton/gemm_afp4wfp4.py:89
4,8748,"s_add_i32 s9, s20, 1",372,1488,/app/aiter/aiter/ops/triton/gemm_afp4wfp4.py:89
4,8752,"v_accvgpr_mov_b32 a0, a4",372,1488,/app/aiter/aiter/ops/triton/gemm_afp4wfp4.py:103
4,8756,"s_cmp_lt_i32 s9, 2",372,1488,/app/aiter/aiter/ops/triton/gemm_afp4wfp4.py:89
4,8760,"v_accvgpr_mov_b32 a1, a5",372,1488,/app/aiter/aiter/ops/triton/gemm_afp4wfp4.py:103
4,8764,"v_accvgpr_mov_b32 a2, a6",372,1488,/app/aiter/aiter/ops/triton/gemm_afp4wfp4.py:103
4,8768,"v_accvgpr_mov_b32 a3, a7",372,1488,/app/aiter/aiter/ops/triton/gemm_afp4wfp4.py:103
4,8772,"v_accvgpr_write_b32 a4, v24",372,1488,/app/aiter/aiter/ops/triton/gemm_afp4wfp4.py:103
4,8780,"v_add_u32_e32 v20, s18, v39",372,1488,/app/aiter/aiter/ops/triton/gemm_afp4wfp4.py:97
4,8784,"v_add_u32_e32 v22, s18, v8",372,1488,/app/aiter/aiter/ops/triton/gemm_afp4wfp4.py:97
4,8788,"v_add_u32_e32 v19, s18, v7",372,1488,/app/aiter/aiter/ops/triton/gemm_afp4wfp4.py:97
4,8792,"v_add_u32_e32 v18, s18, v6",372,1488,/app/aiter/aiter/ops/triton/gemm_afp4wfp4.py:97
4,8796,"v_add3_u32 v30, s19, v39, v17",372,1488,/app/aiter/aiter/ops/triton/gemm_afp4wfp4.py:98
4,8804,"v_add3_u32 v23, s19, v8, v17",372,1488,/app/aiter/aiter/ops/triton/gemm_afp4wfp4.py:98
4,8812,"v_add3_u32 v21, s19, v7, v17",372,1524,/app/aiter/aiter/ops/triton/gemm_afp4wfp4.py:98
4,8820,"v_accvgpr_write_b32 a5, v25",372,1488,/app/aiter/aiter/ops/triton/gemm_afp4wfp4.py:103
4,8828,"v_accvgpr_write_b32 a6, v26",372,1488,/app/aiter/aiter/ops/triton/gemm_afp4wfp4.py:103
4,8836,"v_accvgpr_write_b32 a7, v27",372,1488,/app/aiter/aiter/ops/triton/gemm_afp4wfp4.py:103
4,8844,"v_add3_u32 v25, s19, v6, v17",372,1488,/app/aiter/aiter/ops/triton/gemm_afp4wfp4.py:98
4,8852,"s_cselect_b32 s20, s9, 0",372,1488,/app/aiter/aiter/ops/triton/gemm_afp4wfp4.py:89
4,8856,"s_and_b32 s9, s17, 1",372,1488,/app/aiter/aiter/ops/triton/gemm_afp4wfp4.py:89
4,8860,"s_and_b32 s18, s17, 2",372,1488,/app/aiter/aiter/ops/triton/gemm_afp4wfp4.py:89
4,8864,"s_and_b32 s19, s17, 4",372,1488,/app/aiter/aiter/ops/triton/gemm_afp4wfp4.py:89
4,8868,"s_and_b32 s21, s17, 8",372,1488,/app/aiter/aiter/ops/triton/gemm_afp4wfp4.py:89
4,8872,"s_lshl_b32 s22, s9, 9",372,1488,/app/aiter/aiter/ops/triton/gemm_afp4wfp4.py:89
4,8876,"s_lshl_b32 s23, s18, 9",372,1488,/app/aiter/aiter/ops/triton/gemm_afp4wfp4.py:89
4,8880,"s_lshl_b32 s24, s19, 9",372,1488,/app/aiter/aiter/ops/triton/gemm_afp4wfp4.py:89
4,8884,"s_lshl_b32 s25, s21, 9",372,1488,/app/aiter/aiter/ops/triton/gemm_afp4wfp4.py:89
4,8888,"v_add_u32_e32 v24, v20, v5",372,1488,/app/aiter/aiter/ops/triton/gemm_afp4wfp4.py:97
4,8892,"v_add_u32_e32 v20, v20, v3",372,1488,/app/aiter/aiter/ops/triton/gemm_afp4wfp4.py:97
4,8896,"s_cmp_lt_u32 s17, 16",372,1488,/app/aiter/aiter/ops/triton/gemm_afp4wfp4.py:89
4,8900,"s_waitcnt vmcnt(0) lgkmcnt(0)",372,538700,/app/aiter/aiter/ops/triton/gemm_afp4wfp4.py:97
4,8904,"s_barrier",372,60352,/app/aiter/aiter/ops/triton/gemm_afp4wfp4.py:97
4,8908,"v_add_u32_e32 v55, v22, v5",372,2784,/app/aiter/aiter/ops/triton/gemm_afp4wfp4.py:97
4,8912,"v_add_u32_e32 v64, v22, v3",372,3564,/app/aiter/aiter/ops/triton/gemm_afp4wfp4.py:97
4,8916,"ds_read_b128 v[26:29], v30",372,2108,/app/aiter/aiter/ops/triton/gemm_afp4wfp4.py:98
4,8924,"ds_read_b128 v[30:33], v30 offset:16384",372,2124,/app/aiter/aiter/ops/triton/gemm_afp4wfp4.py:98
4,8932,"ds_read_b128 v[34:37], v23",372,2424,/app/aiter/aiter/ops/triton/gemm_afp4wfp4.py:98
4,8940,"ds_read_b128 v[56:59], v24",372,2476,/app/aiter/aiter/ops/triton/gemm_afp4wfp4.py:97
4,8948,"ds_read_b128 v[60:63], v20 offset:4096",372,2472,/app/aiter/aiter/ops/triton/gemm_afp4wfp4.py:97
4,8956,"v_or_b32_e32 v20, s22, v14",372,1492,/app/aiter/aiter/ops/triton/gemm_afp4wfp4.py:97
4,8960,"v_or_b32_e32 v22, s22, v15",372,1628,/app/aiter/aiter/ops/triton/gemm_afp4wfp4.py:97
4,8964,"s_cselect_b32 s22, 0, 0x2000",372,1488,/app/aiter/aiter/ops/triton/gemm_afp4wfp4.py:89
4,8972,"s_cselect_b32 s26, 0, 0x8000",372,1488,/app/aiter/aiter/ops/triton/gemm_afp4wfp4.py:89
4,8980,"s_lshl_b32 s27, s9, 11",372,1488,/app/aiter/aiter/ops/triton/gemm_afp4wfp4.py:89
4,8984,"s_lshl_b32 s28, s18, 11",372,1488,/app/aiter/aiter/ops/triton/gemm_afp4wfp4.py:89
4,8988,"s_lshl_b32 s18, s19, 11",372,1488,/app/aiter/aiter/ops/triton/gemm_afp4wfp4.py:89
4,8992,"s_lshl_b32 s19, s20, 13",372,1488,/app/aiter/aiter/ops/triton/gemm_afp4wfp4.py:97
4,8996,"s_lshl_b32 s29, s20, 15",372,1488,/app/aiter/aiter/ops/triton/gemm_afp4wfp4.py:98
4,9000,"v_or_b32_e32 v20, s23, v20",372,4732,/app/aiter/aiter/ops/triton/gemm_afp4wfp4.py:89
4,9004,"s_lshl_b32 s21, s21, 11",372,1488,/app/aiter/aiter/ops/triton/gemm_afp4wfp4.py:89
4,9008,"s_or_b32 s22, s22, s25",372,1492,/app/aiter/aiter/ops/triton/gemm_afp4wfp4.py:89
4,9012,"v_or_b32_e32 v66, s27, v10",372,6080,/app/aiter/aiter/ops/triton/gemm_afp4wfp4.py:89
4,9016,"v_or_b32_e32 v67, s27, v4",372,3696,/app/aiter/aiter/ops/triton/gemm_afp4wfp4.py:89
4,9020,"v_or_b32_e32 v69, s18, v16",372,3304,/app/aiter/aiter/ops/triton/gemm_afp4wfp4.py:89
4,9024,"s_add_i32 s19, s19, 0",372,1488,/app/aiter/aiter/ops/triton/gemm_afp4wfp4.py:97
4,9028,"s_add_i32 s25, s29, 0",372,1488,/app/aiter/aiter/ops/triton/gemm_afp4wfp4.py:98
4,9032,"v_or_b32_e32 v24, s23, v22",372,3140,/app/aiter/aiter/ops/triton/gemm_afp4wfp4.py:89
4,9036,"v_or_b32_e32 v65, s24, v20",372,2052,/app/aiter/aiter/ops/triton/gemm_afp4wfp4.py:89
4,9040,"s_or_b32 s29, s22, s24",372,1488,/app/aiter/aiter/ops/triton/gemm_afp4wfp4.py:89
4,9044,"v_or_b32_e32 v66, s18, v66",372,1804,/app/aiter/aiter/ops/triton/gemm_afp4wfp4.py:89
4,9048,"v_or_b32_e32 v67, s18, v67",372,1524,/app/aiter/aiter/ops/triton/gemm_afp4wfp4.py:89
4,9052,"v_or_b32_e32 v69, s21, v69",372,1692,/app/aiter/aiter/ops/triton/gemm_afp4wfp4.py:89
4,9056,"s_add_i32 s18, s19, 0x24000",372,1488,/app/aiter/aiter/ops/triton/gemm_afp4wfp4.py:97
4,9064,"s_add_i32 s19, s25, 0x10000",372,1488,/app/aiter/aiter/ops/triton/gemm_afp4wfp4.py:98
4,9072,"v_or_b32_e32 v65, s22, v65",372,3148,/app/aiter/aiter/ops/triton/gemm_afp4wfp4.py:89
4,9076,"v_or_b32_e32 v22, s22, v22",372,2276,/app/aiter/aiter/ops/triton/gemm_afp4wfp4.py:89
4,9080,"v_or_b32_e32 v20, s29, v20",372,1900,/app/aiter/aiter/ops/triton/gemm_afp4wfp4.py:89
4,9084,"v_or_b32_e32 v24, s29, v24",372,2012,/app/aiter/aiter/ops/triton/gemm_afp4wfp4.py:89
4,9088,"v_or_b32_e32 v70, s28, v66",372,1560,/app/aiter/aiter/ops/triton/gemm_afp4wfp4.py:89
4,9092,"v_or_b32_e32 v66, s21, v66",372,1512,/app/aiter/aiter/ops/triton/gemm_afp4wfp4.py:89
4,9096,"v_or_b32_e32 v67, s21, v67",372,1488,/app/aiter/aiter/ops/triton/gemm_afp4wfp4.py:89
4,9100,"v_or_b32_e32 v69, s27, v69",372,1488,/app/aiter/aiter/ops/triton/gemm_afp4wfp4.py:89
4,9104,"v_add_u32_e32 v71, s18, v52",372,1488,/app/aiter/aiter/ops/triton/gemm_afp4wfp4.py:97
4,9108,"v_add3_u32 v72, s19, v50, v51",372,1488,/app/aiter/aiter/ops/triton/gemm_afp4wfp4.py:98
4,9116,"v_add_u32_e32 v73, s19, v52",372,1488,/app/aiter/aiter/ops/triton/gemm_afp4wfp4.py:98
4,9120,"v_mov_b32_e32 v68, s26",372,1488,/app/aiter/aiter/ops/triton/gemm_afp4wfp4.py:89
4,9124,"v_add_u32_e32 v65, s1, v65",372,1488,/app/aiter/aiter/ops/triton/gemm_afp4wfp4.py:89
4,9128,"v_or_b32_e32 v22, s23, v22",372,1488,/app/aiter/aiter/ops/triton/gemm_afp4wfp4.py:89
4,9132,"v_add_u32_e32 v20, s1, v20",372,1488,/app/aiter/aiter/ops/triton/gemm_afp4wfp4.py:89
4,9136,"v_add_u32_e32 v24, s1, v24",372,1488,/app/aiter/aiter/ops/triton/gemm_afp4wfp4.py:89
4,9140,"v_or_b32_e32 v70, s21, v70",372,1488,/app/aiter/aiter/ops/triton/gemm_afp4wfp4.py:89
4,9144,"v_or_b32_e32 v66, s28, v66",372,1488,/app/aiter/aiter/ops/triton/gemm_afp4wfp4.py:89
4,9148,"v_or_b32_e32 v67, s28, v67",372,1488,/app/aiter/aiter/ops/triton/gemm_afp4wfp4.py:89
4,9152,"v_or_b32_e32 v69, s28, v69",372,1488,/app/aiter/aiter/ops/triton/gemm_afp4wfp4.py:89
4,9156,"v_add_u32_e32 v74, 0x1000, v71",372,1488,/app/aiter/aiter/ops/triton/gemm_afp4wfp4.py:97
4,9164,"v_readfirstlane_b32 s21, v71",372,1488,/app/aiter/aiter/ops/triton/gemm_afp4wfp4.py:97
4,9168,"v_add_u32_e32 v71, 0x1000, v73",372,1488,/app/aiter/aiter/ops/triton/gemm_afp4wfp4.py:98
4,9176,"v_sub_u32_e32 v81, v72, v73",372,1488,/app/aiter/aiter/ops/triton/gemm_afp4wfp4.py:98
4,9180,"v_or_b32_e32 v22, s24, v22",372,1488,/app/aiter/aiter/ops/triton/gemm_afp4wfp4.py:89
4,9184,"ds_read_u8 v65, v65",372,1540,/app/aiter/aiter/ops/triton/gemm_afp4wfp4.py:89
4,9192,"v_add_u32_e32 v75, 0x2000, v73",372,1488,/app/aiter/aiter/ops/triton/gemm_afp4wfp4.py:98
4,9200,"v_add_u32_e32 v76, 0x3000, v73",372,1488,/app/aiter/aiter/ops/triton/gemm_afp4wfp4.py:98
4,9208,"v_add_u32_e32 v77, 0x4000, v73",372,1488,/app/aiter/aiter/ops/triton/gemm_afp4wfp4.py:98
4,9216,"v_add_u32_e32 v78, 0x5000, v73",372,1488,/app/aiter/aiter/ops/triton/gemm_afp4wfp4.py:98
4,9224,"v_add_u32_e32 v79, 0x6000, v73",372,1488,/app/aiter/aiter/ops/triton/gemm_afp4wfp4.py:98
4,9232,"v_add_u32_e32 v80, 0x7000, v73",372,1488,/app/aiter/aiter/ops/triton/gemm_afp4wfp4.py:98
4,9240,"v_readfirstlane_b32 s22, v73",372,1488,/app/aiter/aiter/ops/triton/gemm_afp4wfp4.py:98
4,9244,"v_or_b32_e32 v70, s26, v70",372,1488,/app/aiter/aiter/ops/triton/gemm_afp4wfp4.py:89
4,9248,"v_or_b32_e32 v66, s26, v66",372,1488,/app/aiter/aiter/ops/triton/gemm_afp4wfp4.py:89
4,9252,"v_or_b32_e32 v73, s26, v67",372,1488,/app/aiter/aiter/ops/triton/gemm_afp4wfp4.py:89
4,9256,"v_bitop3_b32 v82, v67, s15, v68 bitop3:0x36",372,1488,/app/aiter/aiter/ops/triton/gemm_afp4wfp4.py:89
4,9264,"v_or_b32_e32 v69, s26, v69",372,1488,/app/aiter/aiter/ops/triton/gemm_afp4wfp4.py:89
4,9268,"v_bitop3_b32 v67, v67, s16, v68 bitop3:0x36",372,1488,/app/aiter/aiter/ops/triton/gemm_afp4wfp4.py:89
4,9276,"ds_read_u8 v68, v20 offset:128",372,1672,/app/aiter/aiter/ops/triton/gemm_afp4wfp4.py:89
4,9284,"ds_read_u8 v83, v20 offset:256",372,1800,/app/aiter/aiter/ops/triton/gemm_afp4wfp4.py:89
4,9292,"ds_read_u8 v20, v20 offset:384",372,1928,/app/aiter/aiter/ops/triton/gemm_afp4wfp4.py:89
4,9300,"ds_read_u8 v84, v24",372,1800,/app/aiter/aiter/ops/triton/gemm_afp4wfp4.py:89
4,9308,"v_readfirstlane_b32 s23, v74",372,1488,/app/aiter/aiter/ops/triton/gemm_afp4wfp4.py:97
4,9312,"v_ashrrev_i32_e32 v24, 31, v81",372,1488,/app/aiter/aiter/ops/triton/gemm_afp4wfp4.py:98
4,9316,"v_sub_u32_e32 v74, v72, v71",372,1488,/app/aiter/aiter/ops/triton/gemm_afp4wfp4.py:98
4,9320,"v_add_u32_e32 v22, s1, v22",372,1488,/app/aiter/aiter/ops/triton/gemm_afp4wfp4.py:89
4,9324,"v_readfirstlane_b32 s24, v71",372,1488,/app/aiter/aiter/ops/triton/gemm_afp4wfp4.py:98
4,9328,"v_sub_u32_e32 v71, v72, v75",372,1488,/app/aiter/aiter/ops/triton/gemm_afp4wfp4.py:98
4,9332,"v_add_u32_e32 v70, 0, v70",372,1488,/app/aiter/aiter/ops/triton/gemm_afp4wfp4.py:89
4,9336,"v_or_b32_e32 v85, 0x240, v66",372,1488,/app/aiter/aiter/ops/triton/gemm_afp4wfp4.py:89
4,9344,"v_add_u32_e32 v86, 0, v66",372,1488,/app/aiter/aiter/ops/triton/gemm_afp4wfp4.py:89
4,9348,"v_or_b32_e32 v66, 0x640, v66",372,1488,/app/aiter/aiter/ops/triton/gemm_afp4wfp4.py:89
4,9356,"v_add_u32_e32 v73, 0, v73",372,1488,/app/aiter/aiter/ops/triton/gemm_afp4wfp4.py:89
4,9360,"v_add_u32_e32 v82, 0, v82",372,1488,/app/aiter/aiter/ops/triton/gemm_afp4wfp4.py:89
4,9364,"v_add_u32_e32 v69, 0, v69",372,1488,/app/aiter/aiter/ops/triton/gemm_afp4wfp4.py:89
4,9368,"v_add_u32_e32 v67, 0, v67",372,1488,/app/aiter/aiter/ops/triton/gemm_afp4wfp4.py:89
4,9372,"v_lshrrev_b32_e32 v87, 28, v24",372,1488,/app/aiter/aiter/ops/triton/gemm_afp4wfp4.py:98
4,9376,"v_add_u32_e32 v74, 0x1000, v74",372,1488,/app/aiter/aiter/ops/triton/gemm_afp4wfp4.py:98
4,9384,"s_mov_b32 s8, s2",372,1488,/app/aiter/aiter/ops/triton/gemm_afp4wfp4.py:97
4,9388,"s_and_b32 s9, s3, 0xffff",372,1488,/app/aiter/aiter/ops/triton/gemm_afp4wfp4.py:97
4,9396,"v_readfirstlane_b32 s25, v75",372,1488,/app/aiter/aiter/ops/triton/gemm_afp4wfp4.py:98
4,9400,"v_sub_u32_e32 v75, v72, v76",372,1488,/app/aiter/aiter/ops/triton/gemm_afp4wfp4.py:98
4,9404,"v_readfirstlane_b32 s26, v76",372,1488,/app/aiter/aiter/ops/triton/gemm_afp4wfp4.py:98
4,9408,"v_sub_u32_e32 v76, v72, v77",372,1488,/app/aiter/aiter/ops/triton/gemm_afp4wfp4.py:98
4,9412,"v_readfirstlane_b32 s27, v77",372,1488,/app/aiter/aiter/ops/triton/gemm_afp4wfp4.py:98
4,9416,"v_sub_u32_e32 v77, v72, v78",372,1488,/app/aiter/aiter/ops/triton/gemm_afp4wfp4.py:98
4,9420,"v_readfirstlane_b32 s28, v78",372,1488,/app/aiter/aiter/ops/triton/gemm_afp4wfp4.py:98
4,9424,"v_sub_u32_e32 v78, v72, v79",372,1488,/app/aiter/aiter/ops/triton/gemm_afp4wfp4.py:98
4,9428,"v_readfirstlane_b32 s29, v79",372,1488,/app/aiter/aiter/ops/triton/gemm_afp4wfp4.py:98
4,9432,"v_sub_u32_e32 v72, v72, v80",372,1488,/app/aiter/aiter/ops/triton/gemm_afp4wfp4.py:98
4,9436,"v_readfirstlane_b32 s30, v80",372,1488,/app/aiter/aiter/ops/triton/gemm_afp4wfp4.py:98
4,9440,"ds_read_u8 v79, v22 offset:128",372,1768,/app/aiter/aiter/ops/triton/gemm_afp4wfp4.py:89
4,9448,"ds_read_u8 v80, v22 offset:256",372,2048,/app/aiter/aiter/ops/triton/gemm_afp4wfp4.py:89
4,9456,"ds_read_u8 v22, v22 offset:384",372,2068,/app/aiter/aiter/ops/triton/gemm_afp4wfp4.py:89
4,9464,"v_add_u32_e32 v71, 0x2000, v71",372,1520,/app/aiter/aiter/ops/triton/gemm_afp4wfp4.py:98
4,9472,"v_add_u32_e32 v85, 0, v85",372,1600,/app/aiter/aiter/ops/triton/gemm_afp4wfp4.py:89
4,9476,"v_add_u32_e32 v66, 0, v66",372,1648,/app/aiter/aiter/ops/triton/gemm_afp4wfp4.py:89
4,9480,"ds_read_u8 v70, v70",372,1768,/app/aiter/aiter/ops/triton/gemm_afp4wfp4.py:89
4,9488,"ds_read_u8 v86, v86 offset:1024",372,2060,/app/aiter/aiter/ops/triton/gemm_afp4wfp4.py:89
4,9496,"ds_read_u8 v73, v73",372,2120,/app/aiter/aiter/ops/triton/gemm_afp4wfp4.py:89
4,9504,"ds_read_u8 v82, v82",372,1992,/app/aiter/aiter/ops/triton/gemm_afp4wfp4.py:89
4,9512,"ds_read_u8 v69, v69",372,2128,/app/aiter/aiter/ops/triton/gemm_afp4wfp4.py:89
4,9520,"ds_read_u8 v24, v67",372,2116,/app/aiter/aiter/ops/triton/gemm_afp4wfp4.py:89
4,9528,"v_add_u32_e32 v67, v81, v87",372,1880,/app/aiter/aiter/ops/triton/gemm_afp4wfp4.py:98
4,9532,"v_ashrrev_i32_e32 v81, 31, v74",372,2072,/app/aiter/aiter/ops/triton/gemm_afp4wfp4.py:98
4,9536,"s_mov_b32 m0, s21",372,1488,/app/aiter/aiter/ops/triton/gemm_afp4wfp4.py:97
4,9540,"v_add_u32_e32 v75, 0x3000, v75",372,2208,/app/aiter/aiter/ops/triton/gemm_afp4wfp4.py:98
4,9548,"v_ashrrev_i32_e32 v87, 31, v71",372,2316,/app/aiter/aiter/ops/triton/gemm_afp4wfp4.py:98
4,9552,"ds_read_u8 v85, v85",372,1628,/app/aiter/aiter/ops/triton/gemm_afp4wfp4.py:89
4,9560,"ds_read_u8 v66, v66",372,1768,/app/aiter/aiter/ops/triton/gemm_afp4wfp4.py:89
4,9568,"v_lshrrev_b32_e32 v81, 28, v81",372,2300,/app/aiter/aiter/ops/triton/gemm_afp4wfp4.py:98
4,9572,"buffer_load_dwordx4 v53, s[8:11], 0 offen lds",372,2456,/app/aiter/aiter/ops/triton/gemm_afp4wfp4.py:97
4,9580,"v_and_b32_e32 v67, -16, v67",372,2292,/app/aiter/aiter/ops/triton/gemm_afp4wfp4.py:98
4,9584,"s_mov_b32 m0, s23",372,1516,/app/aiter/aiter/ops/triton/gemm_afp4wfp4.py:97
4,9588,"v_add_u32_e32 v76, 0x4000, v76",372,2260,/app/aiter/aiter/ops/triton/gemm_afp4wfp4.py:98
4,9596,"v_ashrrev_i32_e32 v88, 31, v75",372,2024,/app/aiter/aiter/ops/triton/gemm_afp4wfp4.py:98
4,9600,"v_lshrrev_b32_e32 v87, 28, v87",372,2108,/app/aiter/aiter/ops/triton/gemm_afp4wfp4.py:98
4,9604,"v_add_u32_e32 v74, v74, v81",372,1836,/app/aiter/aiter/ops/triton/gemm_afp4wfp4.py:98
4,9608,"buffer_load_dwordx4 v54, s[8:11], 0 offen lds",372,1616,/app/aiter/aiter/ops/triton/gemm_afp4wfp4.py:97
4,9616,"s_and_b32 s9, s5, 0xffff",372,1488,/app/aiter/aiter/ops/triton/gemm_afp4wfp4.py:98
4,9624,"s_mov_b32 s8, s4",372,1488,/app/aiter/aiter/ops/triton/gemm_afp4wfp4.py:98
4,9628,"v_add_u32_e32 v67, v67, v41",372,1704,/app/aiter/aiter/ops/triton/gemm_afp4wfp4.py:98
4,9632,"s_mov_b32 m0, s22",372,1488,/app/aiter/aiter/ops/triton/gemm_afp4wfp4.py:98
4,9636,"v_add_u32_e32 v77, 0x5000, v77",372,1536,/app/aiter/aiter/ops/triton/gemm_afp4wfp4.py:98
4,9644,"v_ashrrev_i32_e32 v89, 31, v76",372,1488,/app/aiter/aiter/ops/triton/gemm_afp4wfp4.py:98
4,9648,"v_lshrrev_b32_e32 v88, 28, v88",372,1500,/app/aiter/aiter/ops/triton/gemm_afp4wfp4.py:98
4,9652,"v_add_u32_e32 v71, v71, v87",372,1548,/app/aiter/aiter/ops/triton/gemm_afp4wfp4.py:98
4,9656,"buffer_load_dwordx4 v67, s[8:11], 0 offen sc0 nt lds",372,1604,/app/aiter/aiter/ops/triton/gemm_afp4wfp4.py:98
4,9664,"v_and_b32_e32 v67, -16, v74",372,1488,/app/aiter/aiter/ops/triton/gemm_afp4wfp4.py:98
4,9668,"v_add_u32_e32 v78, 0x6000, v78",372,1488,/app/aiter/aiter/ops/triton/gemm_afp4wfp4.py:98
4,9676,"v_ashrrev_i32_e32 v90, 31, v77",372,1488,/app/aiter/aiter/ops/triton/gemm_afp4wfp4.py:98
4,9680,"v_lshrrev_b32_e32 v89, 28, v89",372,1488,/app/aiter/aiter/ops/triton/gemm_afp4wfp4.py:98
4,9684,"v_add_u32_e32 v75, v75, v88",372,1488,/app/aiter/aiter/ops/triton/gemm_afp4wfp4.py:98
4,9688,"v_and_b32_e32 v71, -16, v71",372,1488,/app/aiter/aiter/ops/triton/gemm_afp4wfp4.py:98
4,9692,"v_add_u32_e32 v67, v67, v43",372,1488,/app/aiter/aiter/ops/triton/gemm_afp4wfp4.py:98
4,9696,"s_mov_b32 m0, s24",372,1488,/app/aiter/aiter/ops/triton/gemm_afp4wfp4.py:98
4,9700,"v_add_u32_e32 v72, 0x7000, v72",372,1488,/app/aiter/aiter/ops/triton/gemm_afp4wfp4.py:98
4,9708,"v_ashrrev_i32_e32 v91, 31, v78",372,1488,/app/aiter/aiter/ops/triton/gemm_afp4wfp4.py:98
4,9712,"v_lshrrev_b32_e32 v90, 28, v90",372,1488,/app/aiter/aiter/ops/triton/gemm_afp4wfp4.py:98
4,9716,"v_add_u32_e32 v76, v76, v89",372,1488,/app/aiter/aiter/ops/triton/gemm_afp4wfp4.py:98
4,9720,"v_and_b32_e32 v74, -16, v75",372,1488,/app/aiter/aiter/ops/triton/gemm_afp4wfp4.py:98
4,9724,"s_waitcnt lgkmcnt(7)",372,1488,/app/aiter/aiter/ops/triton/gemm_afp4wfp4.py:103
4,9728,"v_mfma_scale_f32_16x16x128_f8f6f4 a[0:3], v[26:29], v[56:59], a[0:3], v70, v65 op_sel_hi:[0,0,0] cbsz:4 blgp:4",372,4464,/app/aiter/aiter/ops/triton/gemm_afp4wfp4.py:103
4,9744,"buffer_load_dwordx4 v67, s[8:11], 0 offen sc0 nt lds",372,1568,/app/aiter/aiter/ops/triton/gemm_afp4wfp4.py:98
4,9752,"s_mov_b32 m0, s25",372,1488,/app/aiter/aiter/ops/triton/gemm_afp4wfp4.py:98
4,9756,"v_ashrrev_i32_e32 v92, 31, v72",372,1512,/app/aiter/aiter/ops/triton/gemm_afp4wfp4.py:98
4,9760,"v_mfma_scale_f32_16x16x128_f8f6f4 a[4:7], v[26:29], v[60:63], a[4:7], v70, v84 op_sel_hi:[0,0,0] cbsz:4 blgp:4",372,2976,/app/aiter/aiter/ops/triton/gemm_afp4wfp4.py:103
4,9776,"v_add_u32_e32 v26, v71, v44",372,2952,/app/aiter/aiter/ops/triton/gemm_afp4wfp4.py:98
4,9780,"v_lshrrev_b32_e32 v91, 28, v91",372,1488,/app/aiter/aiter/ops/triton/gemm_afp4wfp4.py:98
4,9784,"v_add_u32_e32 v77, v77, v90",372,1488,/app/aiter/aiter/ops/triton/gemm_afp4wfp4.py:98
4,9788,"v_and_b32_e32 v75, -16, v76",372,1488,/app/aiter/aiter/ops/triton/gemm_afp4wfp4.py:98
4,9792,"v_add_u32_e32 v27, v74, v45",372,1488,/app/aiter/aiter/ops/triton/gemm_afp4wfp4.py:98
4,9796,"buffer_load_dwordx4 v26, s[8:11], 0 offen sc0 nt lds",372,1640,/app/aiter/aiter/ops/triton/gemm_afp4wfp4.py:98
4,9804,"s_mov_b32 m0, s26",372,1488,/app/aiter/aiter/ops/triton/gemm_afp4wfp4.py:98
4,9808,"v_lshrrev_b32_e32 v92, 28, v92",372,1488,/app/aiter/aiter/ops/triton/gemm_afp4wfp4.py:98
4,9812,"v_add_u32_e32 v78, v78, v91",372,1488,/app/aiter/aiter/ops/triton/gemm_afp4wfp4.py:98
4,9816,"v_and_b32_e32 v76, -16, v77",372,1488,/app/aiter/aiter/ops/triton/gemm_afp4wfp4.py:98
4,9820,"v_add_u32_e32 v28, v75, v46",372,1488,/app/aiter/aiter/ops/triton/gemm_afp4wfp4.py:98
4,9824,"buffer_load_dwordx4 v27, s[8:11], 0 offen sc0 nt lds",372,1688,/app/aiter/aiter/ops/triton/gemm_afp4wfp4.py:98
4,9832,"s_mov_b32 m0, s27",372,1488,/app/aiter/aiter/ops/triton/gemm_afp4wfp4.py:98
4,9836,"v_add_u32_e32 v72, v72, v92",372,1488,/app/aiter/aiter/ops/triton/gemm_afp4wfp4.py:98
4,9840,"v_and_b32_e32 v77, -16, v78",372,1488,/app/aiter/aiter/ops/triton/gemm_afp4wfp4.py:98
4,9844,"v_add_u32_e32 v29, v76, v47",372,1488,/app/aiter/aiter/ops/triton/gemm_afp4wfp4.py:98
4,9848,"buffer_load_dwordx4 v28, s[8:11], 0 offen sc0 nt lds",372,1936,/app/aiter/aiter/ops/triton/gemm_afp4wfp4.py:98
4,9856,"s_mov_b32 m0, s28",372,1488,/app/aiter/aiter/ops/triton/gemm_afp4wfp4.py:98
4,9860,"v_and_b32_e32 v72, -16, v72",372,1488,/app/aiter/aiter/ops/triton/gemm_afp4wfp4.py:98
4,9864,"s_waitcnt lgkmcnt(5)",372,1488,/app/aiter/aiter/ops/triton/gemm_afp4wfp4.py:103
4,9868,"v_mfma_scale_f32_16x16x128_f8f6f4 a[12:15], v[30:33], v[56:59], a[12:15], v73, v65 op_sel_hi:[0,0,0] cbsz:4 blgp:4",372,2980,/app/aiter/aiter/ops/triton/gemm_afp4wfp4.py:103
4,9884,"v_add_u32_e32 v56, v77, v48",372,2984,/app/aiter/aiter/ops/triton/gemm_afp4wfp4.py:98
4,9888,"buffer_load_dwordx4 v29, s[8:11], 0 offen sc0 nt lds",372,3976,/app/aiter/aiter/ops/triton/gemm_afp4wfp4.py:98
4,9896,"s_mov_b32 m0, s29",372,1488,/app/aiter/aiter/ops/triton/gemm_afp4wfp4.py:98
4,9900,"v_add_u32_e32 v57, v72, v49",372,1520,/app/aiter/aiter/ops/triton/gemm_afp4wfp4.py:98
4,9904,"buffer_load_dwordx4 v56, s[8:11], 0 offen sc0 nt lds",372,6892,/app/aiter/aiter/ops/triton/gemm_afp4wfp4.py:98
4,9912,"s_mov_b32 m0, s30",372,1860,/app/aiter/aiter/ops/triton/gemm_afp4wfp4.py:98
4,9916,"v_mfma_scale_f32_16x16x128_f8f6f4 a[8:11], v[30:33], v[60:63], a[8:11], v73, v84 op_sel_hi:[0,0,0] cbsz:4 blgp:4",372,4092,/app/aiter/aiter/ops/triton/gemm_afp4wfp4.py:103
4,9932,"buffer_load_dwordx4 v57, s[8:11], 0 offen sc0 nt lds",372,9932,/app/aiter/aiter/ops/triton/gemm_afp4wfp4.py:98
4,9940,"ds_read_b128 v[26:29], v55",372,1488,/app/aiter/aiter/ops/triton/gemm_afp4wfp4.py:97
4,9948,"ds_read_b128 v[30:33], v64 offset:4096",372,1864,/app/aiter/aiter/ops/triton/gemm_afp4wfp4.py:97
4,9956,"s_waitcnt lgkmcnt(1)",372,16416,/app/aiter/aiter/ops/triton/gemm_afp4wfp4.py:103
4,9960,"v_mfma_scale_f32_16x16x128_f8f6f4 a[0:3], v[34:37], v[26:29], a[0:3], v85, v68 op_sel_hi:[0,0,0] cbsz:4 blgp:4",372,3048,/app/aiter/aiter/ops/triton/gemm_afp4wfp4.py:103
4,9976,"s_add_i32 s17, s17, 1",372,1488,/app/aiter/aiter/ops/triton/gemm_afp4wfp4.py:89
4,9980,"s_add_u32 s4, s4, 0x100",372,1488,/app/aiter/aiter/ops/triton/gemm_afp4wfp4.py:89
4,9988,"s_addc_u32 s5, s5, 0",372,1744,/app/aiter/aiter/ops/triton/gemm_afp4wfp4.py:89
4,9992,"s_waitcnt lgkmcnt(0)",372,1488,/app/aiter/aiter/ops/triton/gemm_afp4wfp4.py:103
4,9996,"v_mfma_scale_f32_16x16x128_f8f6f4 a[4:7], v[34:37], v[30:33], a[4:7], v85, v79 op_sel_hi:[0,0,0] cbsz:4 blgp:4",372,4648,/app/aiter/aiter/ops/triton/gemm_afp4wfp4.py:103
4,10012,"ds_read_b128 v[34:37], v23 offset:16384",372,1520,/app/aiter/aiter/ops/triton/gemm_afp4wfp4.py:98
4,10020,"v_add_u32_e32 v23, v19, v5",372,1628,/app/aiter/aiter/ops/triton/gemm_afp4wfp4.py:97
4,10024,"v_add_u32_e32 v19, v19, v3",372,1592,/app/aiter/aiter/ops/triton/gemm_afp4wfp4.py:97
4,10028,"s_waitcnt lgkmcnt(0)",372,15436,/app/aiter/aiter/ops/triton/gemm_afp4wfp4.py:103
4,10032,"v_mfma_scale_f32_16x16x128_f8f6f4 a[12:15], v[34:37], v[26:29], a[12:15], v82, v68 op_sel_hi:[0,0,0] cbsz:4 blgp:4",372,4536,/app/aiter/aiter/ops/triton/gemm_afp4wfp4.py:103
4,10048,"ds_read_b128 v[26:29], v21",372,1564,/app/aiter/aiter/ops/triton/gemm_afp4wfp4.py:98
4,10056,"s_add_u32 s2, s2, 0x100",372,1488,/app/aiter/aiter/ops/triton/gemm_afp4wfp4.py:89
4,10064,"s_addc_u32 s3, s3, 0",372,1488,/app/aiter/aiter/ops/triton/gemm_afp4wfp4.py:89
4,10068,"v_mfma_scale_f32_16x16x128_f8f6f4 a[8:11], v[34:37], v[30:33], a[8:11], v82, v79 op_sel_hi:[0,0,0] cbsz:4 blgp:4",372,4568,/app/aiter/aiter/ops/triton/gemm_afp4wfp4.py:103
4,10084,"ds_read_b128 v[30:33], v23",372,1524,/app/aiter/aiter/ops/triton/gemm_afp4wfp4.py:97
4,10092,"ds_read_b128 v[34:37], v19 offset:4096",372,1516,/app/aiter/aiter/ops/triton/gemm_afp4wfp4.py:97
4,10100,"v_add_u32_e32 v19, v18, v5",372,1600,/app/aiter/aiter/ops/triton/gemm_afp4wfp4.py:97
4,10104,"s_waitcnt lgkmcnt(1)",372,15448,/app/aiter/aiter/ops/triton/gemm_afp4wfp4.py:103
4,10108,"v_mfma_scale_f32_16x16x128_f8f6f4 a[0:3], v[26:29], v[30:33], a[0:3], v86, v83 op_sel_hi:[0,0,0] cbsz:4 blgp:4",372,2988,/app/aiter/aiter/ops/triton/gemm_afp4wfp4.py:103
4,10124,"v_add_u32_e32 v18, v18, v3",372,3052,/app/aiter/aiter/ops/triton/gemm_afp4wfp4.py:97
4,10128,"s_cmp_lg_u32 s17, 31",372,1488,/app/aiter/aiter/ops/triton/gemm_afp4wfp4.py:89
4,10132,"s_waitcnt lgkmcnt(0)",372,1488,/app/aiter/aiter/ops/triton/gemm_afp4wfp4.py:103
4,10136,"v_mfma_scale_f32_16x16x128_f8f6f4 a[16:19], v[26:29], v[34:37], a[4:7], v86, v80 op_sel_hi:[0,0,0] cbsz:4 blgp:4",372,4596,/app/aiter/aiter/ops/triton/gemm_afp4wfp4.py:103
4,10152,"ds_read_b128 v[26:29], v21 offset:16384",372,1492,/app/aiter/aiter/ops/triton/gemm_afp4wfp4.py:98
4,10160,"s_waitcnt lgkmcnt(0)",372,18552,/app/aiter/aiter/ops/triton/gemm_afp4wfp4.py:103
4,10164,"v_mfma_scale_f32_16x16x128_f8f6f4 a[12:15], v[26:29], v[30:33], a[12:15], v69, v83 op_sel_hi:[0,0,0] cbsz:4 blgp:4",372,4496,/app/aiter/aiter/ops/triton/gemm_afp4wfp4.py:103
4,10180,"ds_read_b128 v[30:33], v25",372,1556,/app/aiter/aiter/ops/triton/gemm_afp4wfp4.py:98
4,10188,"v_mfma_scale_f32_16x16x128_f8f6f4 a[8:11], v[26:29], v[34:37], a[8:11], v69, v80 op_sel_hi:[0,0,0] cbsz:4 blgp:4",372,4496,/app/aiter/aiter/ops/triton/gemm_afp4wfp4.py:103
4,10204,"ds_read_b128 v[26:29], v19",372,1492,/app/aiter/aiter/ops/triton/gemm_afp4wfp4.py:97
4,10212,"ds_read_b128 v[34:37], v18 offset:4096",372,1532,/app/aiter/aiter/ops/triton/gemm_afp4wfp4.py:97
4,10220,"s_waitcnt lgkmcnt(1)",372,17120,/app/aiter/aiter/ops/triton/gemm_afp4wfp4.py:103
4,10224,"v_mfma_scale_f32_16x16x128_f8f6f4 a[4:7], v[30:33], v[26:29], a[0:3], v66, v20 op_sel_hi:[0,0,0] cbsz:4 blgp:4",372,2992,/app/aiter/aiter/ops/triton/gemm_afp4wfp4.py:103
4,10240,"s_waitcnt lgkmcnt(0)",372,1532,/app/aiter/aiter/ops/triton/gemm_afp4wfp4.py:103
4,10244,"v_mfma_scale_f32_16x16x128_f8f6f4 a[0:3], v[30:33], v[34:37], a[16:19], v66, v22 op_sel_hi:[0,0,0] cbsz:4 blgp:4",372,5948,/app/aiter/aiter/ops/triton/gemm_afp4wfp4.py:103
4,10260,"ds_read_b128 v[30:33], v25 offset:16384",372,1528,/app/aiter/aiter/ops/triton/gemm_afp4wfp4.py:98
4,10268,"s_waitcnt lgkmcnt(0)",372,18688,/app/aiter/aiter/ops/triton/gemm_afp4wfp4.py:103
4,10272,"v_mfma_scale_f32_16x16x128_f8f6f4 a[12:15], v[30:33], v[26:29], a[12:15], v24, v20 op_sel_hi:[0,0,0] cbsz:4 blgp:4",372,2992,/app/aiter/aiter/ops/triton/gemm_afp4wfp4.py:103
4,10288,"v_mfma_scale_f32_16x16x128_f8f6f4 a[8:11], v[30:33], v[34:37], a[8:11], v24, v22 op_sel_hi:[0,0,0] cbsz:4 blgp:4",372,6032,/app/aiter/aiter/ops/triton/gemm_afp4wfp4.py:103
4,10304,"s_cbranch_scc1 65137",372,1488,/app/aiter/aiter/ops/triton/gemm_afp4wfp4.py:89
4,10308,"s_add_i32 s1, 0, 0x23e00",12,48,/app/aiter/aiter/ops/triton/gemm_afp4wfp4.py:89
4,10316,"v_add_u32_e32 v14, s1, v9",12,48,/app/aiter/aiter/ops/triton/gemm_afp4wfp4.py:89
4,10320,"v_add3_u32 v13, v14, v13, v11",12,48,/app/aiter/aiter/ops/triton/gemm_afp4wfp4.py:89
4,10328,"v_add3_u32 v11, s1, v12, v11",12,48,/app/aiter/aiter/ops/triton/gemm_afp4wfp4.py:89
4,10336,"v_and_b32_e32 v66, 16, v2",12,48,/app/aiter/aiter/ops/triton/gemm_afp4wfp4.py:89
4,10340,"v_and_b32_e32 v67, 32, v2",12,48,/app/aiter/aiter/ops/triton/gemm_afp4wfp4.py:89
4,10344,"v_add_u32_e32 v10, 0, v10",12,48,/app/aiter/aiter/ops/triton/gemm_afp4wfp4.py:89
4,10348,"s_waitcnt vmcnt(0)",12,24808,/app/aiter/aiter/ops/triton/gemm_afp4wfp4.py:97
4,10352,"s_barrier",12,1308,/app/aiter/aiter/ops/triton/gemm_afp4wfp4.py:97
4,10356,"ds_read_u8 v41, v13",12,80,/app/aiter/aiter/ops/triton/gemm_afp4wfp4.py:89
4,10364,"ds_read_u8 v43, v13 offset:128",12,96,/app/aiter/aiter/ops/triton/gemm_afp4wfp4.py:89
4,10372,"ds_read_u8 v60, v13 offset:256",12,96,/app/aiter/aiter/ops/triton/gemm_afp4wfp4.py:89
4,10380,"ds_read_u8 v61, v13 offset:384",12,96,/app/aiter/aiter/ops/triton/gemm_afp4wfp4.py:89
4,10388,"ds_read_u8 v62, v11",12,96,/app/aiter/aiter/ops/triton/gemm_afp4wfp4.py:89
4,10396,"ds_read_u8 v63, v11 offset:128",12,96,/app/aiter/aiter/ops/triton/gemm_afp4wfp4.py:89
4,10404,"ds_read_u8 v64, v11 offset:256",12,96,/app/aiter/aiter/ops/triton/gemm_afp4wfp4.py:89
4,10412,"ds_read_u8 v65, v11 offset:384",12,92,/app/aiter/aiter/ops/triton/gemm_afp4wfp4.py:89
4,10420,"v_or3_b32 v9, v66, v9, v67",12,84,/app/aiter/aiter/ops/triton/gemm_afp4wfp4.py:89
4,10428,"v_add_u32_e32 v11, 0, v4",12,68,/app/aiter/aiter/ops/triton/gemm_afp4wfp4.py:89
4,10432,"ds_read_u8 v68, v10 offset:63488",12,76,/app/aiter/aiter/ops/triton/gemm_afp4wfp4.py:89
4,10440,"ds_read_u8 v69, v10 offset:64064",12,68,/app/aiter/aiter/ops/triton/gemm_afp4wfp4.py:89
4,10448,"ds_read_u8 v70, v10 offset:64512",12,76,/app/aiter/aiter/ops/triton/gemm_afp4wfp4.py:89
4,10456,"ds_read_u8 v71, v10 offset:65088",12,76,/app/aiter/aiter/ops/triton/gemm_afp4wfp4.py:89
4,10464,"ds_read_u8 v72, v11 offset:63488",12,64,/app/aiter/aiter/ops/triton/gemm_afp4wfp4.py:89
4,10472,"v_xor_b32_e32 v10, 0xfe40, v4",12,180,/app/aiter/aiter/ops/triton/gemm_afp4wfp4.py:89
4,10480,"v_add_u32_e32 v10, 0, v10",12,148,/app/aiter/aiter/ops/triton/gemm_afp4wfp4.py:89
4,10484,"v_add_u32_e32 v75, s18, v39",12,48,/app/aiter/aiter/ops/triton/gemm_afp4wfp4.py:97
4,10488,"v_add_u32_e32 v76, s18, v8",12,112,/app/aiter/aiter/ops/triton/gemm_afp4wfp4.py:97
4,10492,"v_lshlrev_b32_e32 v9, 8, v9",12,148,/app/aiter/aiter/ops/triton/gemm_afp4wfp4.py:98
4,10496,"ds_read_u8 v73, v10",12,52,/app/aiter/aiter/ops/triton/gemm_afp4wfp4.py:89
4,10504,"ds_read_u8 v74, v11 offset:64512",12,52,/app/aiter/aiter/ops/triton/gemm_afp4wfp4.py:89
4,10512,"v_add_u32_e32 v10, v75, v5",12,92,/app/aiter/aiter/ops/triton/gemm_afp4wfp4.py:97
4,10516,"v_add_u32_e32 v14, v76, v5",12,112,/app/aiter/aiter/ops/triton/gemm_afp4wfp4.py:97
4,10520,"v_add3_u32 v30, s19, v39, v9",12,48,/app/aiter/aiter/ops/triton/gemm_afp4wfp4.py:98
4,10528,"ds_read_b128 v[10:13], v10",12,48,/app/aiter/aiter/ops/triton/gemm_afp4wfp4.py:97
4,10536,"ds_read_b128 v[14:17], v14",12,48,/app/aiter/aiter/ops/triton/gemm_afp4wfp4.py:97
4,10544,"ds_read_b128 v[18:21], v30",12,56,/app/aiter/aiter/ops/triton/gemm_afp4wfp4.py:98
4,10552,"v_add_u32_e32 v39, s18, v7",12,148,/app/aiter/aiter/ops/triton/gemm_afp4wfp4.py:97
4,10556,"v_add3_u32 v8, s19, v8, v9",12,76,/app/aiter/aiter/ops/triton/gemm_afp4wfp4.py:98
4,10564,"ds_read_b128 v[22:25], v8",12,60,/app/aiter/aiter/ops/triton/gemm_afp4wfp4.py:98
4,10572,"v_add3_u32 v7, s19, v7, v9",12,48,/app/aiter/aiter/ops/triton/gemm_afp4wfp4.py:98
4,10580,"ds_read_b128 v[26:29], v7",12,60,/app/aiter/aiter/ops/triton/gemm_afp4wfp4.py:98
4,10588,"ds_read_b128 v[30:33], v30 offset:16384",12,56,/app/aiter/aiter/ops/triton/gemm_afp4wfp4.py:98
4,10596,"v_add_u32_e32 v77, s18, v6",12,48,/app/aiter/aiter/ops/triton/gemm_afp4wfp4.py:97
4,10600,"v_add_u32_e32 v44, v39, v5",12,48,/app/aiter/aiter/ops/triton/gemm_afp4wfp4.py:97
4,10604,"v_add_u32_e32 v5, v77, v5",12,48,/app/aiter/aiter/ops/triton/gemm_afp4wfp4.py:97
4,10608,"v_xor_b32_e32 v4, 0xfa40, v4",12,48,/app/aiter/aiter/ops/triton/gemm_afp4wfp4.py:89
4,10616,"ds_read_b128 v[34:37], v8 offset:16384",12,56,/app/aiter/aiter/ops/triton/gemm_afp4wfp4.py:98
4,10624,"ds_read_b128 v[44:47], v44",12,56,/app/aiter/aiter/ops/triton/gemm_afp4wfp4.py:97
4,10632,"ds_read_b128 v[48:51], v5",12,64,/app/aiter/aiter/ops/triton/gemm_afp4wfp4.py:97
4,10640,"v_add3_u32 v5, s19, v6, v9",12,80,/app/aiter/aiter/ops/triton/gemm_afp4wfp4.py:98
4,10648,"v_add_u32_e32 v4, 0, v4",12,56,/app/aiter/aiter/ops/triton/gemm_afp4wfp4.py:89
4,10652,"ds_read_b128 v[6:9], v7 offset:16384",12,100,/app/aiter/aiter/ops/triton/gemm_afp4wfp4.py:98
4,10660,"ds_read_b128 v[52:55], v5",12,92,/app/aiter/aiter/ops/triton/gemm_afp4wfp4.py:98
4,10668,"ds_read_b128 v[56:59], v5 offset:16384",12,80,/app/aiter/aiter/ops/triton/gemm_afp4wfp4.py:98
4,10676,"ds_read_u8 v4, v4",12,108,/app/aiter/aiter/ops/triton/gemm_afp4wfp4.py:89
4,10684,"v_add_u32_e32 v5, v75, v3",12,84,/app/aiter/aiter/ops/triton/gemm_afp4wfp4.py:97
4,10688,"s_waitcnt lgkmcnt(10)",12,48,/app/aiter/aiter/ops/triton/gemm_afp4wfp4.py:103
4,10692,"v_mfma_scale_f32_16x16x128_f8f6f4 a[4:7], v[18:21], v[10:13], a[4:7], v68, v41 op_sel_hi:[0,0,0] cbsz:4 blgp:4",12,136,/app/aiter/aiter/ops/triton/gemm_afp4wfp4.py:103
4,10708,"v_lshlrev_b32_e32 v0, 7, v0",12,104,/app/aiter/aiter/ops/triton/gemm_afp4wfp4.py:118
4,10712,"v_mul_u32_u24_e32 v1, 0xd000, v1",12,52,/app/aiter/aiter/ops/triton/gemm_afp4wfp4.py:116
4,10720,"v_and_b32_e32 v0, 0x780, v0",12,48,/app/aiter/aiter/ops/triton/gemm_afp4wfp4.py:118
4,10728,"s_waitcnt lgkmcnt(7)",12,48,/app/aiter/aiter/ops/triton/gemm_afp4wfp4.py:103
4,10732,"v_mfma_scale_f32_16x16x128_f8f6f4 a[12:15], v[30:33], v[10:13], a[12:15], v72, v41 op_sel_hi:[0,0,0] cbsz:4 blgp:4",12,172,/app/aiter/aiter/ops/triton/gemm_afp4wfp4.py:103
4,10748,"ds_read_b128 v[10:13], v5 offset:4096",12,48,/app/aiter/aiter/ops/triton/gemm_afp4wfp4.py:97
4,10756,"v_add_u32_e32 v5, v76, v3",12,100,/app/aiter/aiter/ops/triton/gemm_afp4wfp4.py:97
4,10760,"s_ashr_i32 s1, s13, 31",12,48,/app/aiter/aiter/ops/triton/gemm_afp4wfp4.py:114
4,10764,"v_mfma_scale_f32_16x16x128_f8f6f4 a[4:7], v[22:25], v[14:17], a[4:7], v69, v43 op_sel_hi:[0,0,0] cbsz:4 blgp:4",12,116,/app/aiter/aiter/ops/triton/gemm_afp4wfp4.py:103
4,10780,"v_mov_b32_e32 v41, s1",12,96,/app/aiter/aiter/ops/triton/gemm_afp4wfp4.py:114
4,10784,"s_mul_hi_i32 s2, s13, 0x1a000",12,48,/app/aiter/aiter/ops/triton/gemm_afp4wfp4.py:116
4,10792,"s_mul_i32 s13, s13, 0x1a000",12,48,/app/aiter/aiter/ops/triton/gemm_afp4wfp4.py:116
4,10800,"s_waitcnt lgkmcnt(1)",12,48,/app/aiter/aiter/ops/triton/gemm_afp4wfp4.py:103
4,10804,"v_mfma_scale_f32_16x16x128_f8f6f4 a[12:15], v[34:37], v[14:17], a[12:15], v4, v43 op_sel_hi:[0,0,0] cbsz:4 blgp:4",12,144,/app/aiter/aiter/ops/triton/gemm_afp4wfp4.py:103
4,10820,"ds_read_b128 v[14:17], v5 offset:4096",12,48,/app/aiter/aiter/ops/triton/gemm_afp4wfp4.py:97
4,10828,"v_add_u32_e32 v5, v39, v3",12,48,/app/aiter/aiter/ops/triton/gemm_afp4wfp4.py:97
4,10832,"v_add_u32_e32 v3, v77, v3",12,48,/app/aiter/aiter/ops/triton/gemm_afp4wfp4.py:97
4,10836,"s_waitcnt lgkmcnt(1)",12,48,/app/aiter/aiter/ops/triton/gemm_afp4wfp4.py:103
4,10840,"v_mfma_scale_f32_16x16x128_f8f6f4 a[0:3], v[18:21], v[10:13], a[0:3], v68, v62 op_sel_hi:[0,0,0] cbsz:4 blgp:4",12,144,/app/aiter/aiter/ops/triton/gemm_afp4wfp4.py:103
4,10856,"ds_read_b128 v[18:21], v5 offset:4096",12,48,/app/aiter/aiter/ops/triton/gemm_afp4wfp4.py:97
4,10864,"v_mov_b32_e32 v39, s1",12,48,/app/aiter/aiter/ops/triton/gemm_afp4wfp4.py:114
4,10868,"s_ashr_i32 s1, s0, 31",12,48,/app/aiter/aiter/ops/triton/gemm_afp4wfp4.py:115
4,10872,"v_mfma_scale_f32_16x16x128_f8f6f4 a[8:11], v[30:33], v[10:13], a[8:11], v72, v62 op_sel_hi:[0,0,0] cbsz:4 blgp:4",12,96,/app/aiter/aiter/ops/triton/gemm_afp4wfp4.py:103
4,10888,"s_add_u32 s3, s6, s13",12,48,/app/aiter/aiter/ops/triton/gemm_afp4wfp4.py:116
4,10892,"s_addc_u32 s2, s7, s2",12,48,/app/aiter/aiter/ops/triton/gemm_afp4wfp4.py:116
4,10896,"s_mov_b32 s7, 0x27000",12,48,/app/aiter/aiter/ops/triton/gemm_afp4wfp4.py:116
4,10904,"v_mfma_scale_f32_16x16x128_f8f6f4 a[4:7], v[26:29], v[44:47], a[4:7], v70, v60 op_sel_hi:[0,0,0] cbsz:4 blgp:4",12,96,/app/aiter/aiter/ops/triton/gemm_afp4wfp4.py:103
4,10920,"s_mov_b32 s6, 0x7ffffffe",12,48,/app/aiter/aiter/ops/triton/gemm_afp4wfp4.py:103
4,10928,"s_waitcnt lgkmcnt(1)",12,48,/app/aiter/aiter/ops/triton/gemm_afp4wfp4.py:103
4,10932,"v_mfma_scale_f32_16x16x128_f8f6f4 a[0:3], v[22:25], v[14:17], a[0:3], v69, v63 op_sel_hi:[0,0,0] cbsz:4 blgp:4",12,144,/app/aiter/aiter/ops/triton/gemm_afp4wfp4.py:103
4,10948,"ds_read_b128 v[22:25], v3 offset:4096",12,48,/app/aiter/aiter/ops/triton/gemm_afp4wfp4.py:97
4,10956,"v_and_b32_e32 v3, 0x78, v42",12,48,/app/aiter/aiter/ops/triton/gemm_afp4wfp4.py:78
4,10964,"v_mov_b32_e32 v5, s1",12,48,/app/aiter/aiter/ops/triton/gemm_afp4wfp4.py:115
4,10968,"v_mfma_scale_f32_16x16x128_f8f6f4 a[8:11], v[34:37], v[14:17], a[8:11], v4, v63 op_sel_hi:[0,0,0] cbsz:4 blgp:4",12,96,/app/aiter/aiter/ops/triton/gemm_afp4wfp4.py:103
4,10984,"v_or_b32_e32 v4, s0, v3",12,96,/app/aiter/aiter/ops/triton/gemm_afp4wfp4.py:115
4,10988,"s_lshl_b64 s[0:1], s[0:1], 1",12,48,/app/aiter/aiter/ops/triton/gemm_afp4wfp4.py:116
4,10992,"s_add_u32 s4, s3, s0",12,48,/app/aiter/aiter/ops/triton/gemm_afp4wfp4.py:116
4,10996,"v_mfma_scale_f32_16x16x128_f8f6f4 a[12:15], v[6:9], v[44:47], a[12:15], v74, v60 op_sel_hi:[0,0,0] cbsz:4 blgp:4",12,96,/app/aiter/aiter/ops/triton/gemm_afp4wfp4.py:103
4,11012,"s_addc_u32 s5, s2, s1",12,48,/app/aiter/aiter/ops/triton/gemm_afp4wfp4.py:116
4,11016,"s_ashr_i32 s15, s14, 31",12,48,/app/aiter/aiter/ops/triton/gemm_afp4wfp4.py:117
4,11020,"v_cmp_gt_i64_e64 s[2:3], s[14:15], v[4:5]",12,48,/app/aiter/aiter/ops/triton/gemm_afp4wfp4.py:117
4,11028,"v_mfma_scale_f32_16x16x128_f8f6f4 a[4:7], v[52:55], v[48:51], a[4:7], v71, v61 op_sel_hi:[0,0,0] cbsz:4 blgp:4",12,96,/app/aiter/aiter/ops/triton/gemm_afp4wfp4.py:103
4,11044,"v_and_b32_e32 v4, 0x7f8, v42",12,96,/app/aiter/aiter/ops/triton/gemm_afp4wfp4.py:118
4,11052,"s_waitcnt lgkmcnt(0)",12,48,/app/aiter/aiter/ops/triton/gemm_afp4wfp4.py:118
4,11056,"s_barrier",12,476,/app/aiter/aiter/ops/triton/gemm_afp4wfp4.py:118
4,11060,"v_mfma_scale_f32_16x16x128_f8f6f4 a[0:3], v[26:29], v[18:21], a[0:3], v70, v64 op_sel_hi:[0,0,0] cbsz:4 blgp:4",12,96,/app/aiter/aiter/ops/triton/gemm_afp4wfp4.py:103
4,11076,"s_ashr_i32 s13, s12, 31",12,48,/app/aiter/aiter/ops/triton/gemm_afp4wfp4.py:117
4,11080,"v_cmp_gt_i64_e32 vcc, s[12:13], v[38:39]",12,48,/app/aiter/aiter/ops/triton/gemm_afp4wfp4.py:117
4,11084,"v_mfma_scale_f32_16x16x128_f8f6f4 a[8:11], v[6:9], v[18:21], a[8:11], v74, v64 op_sel_hi:[0,0,0] cbsz:4 blgp:4",12,96,/app/aiter/aiter/ops/triton/gemm_afp4wfp4.py:103
4,11100,"v_or_b32_e32 v8, v1, v3",12,96,/app/aiter/aiter/ops/triton/gemm_afp4wfp4.py:116
4,11104,"v_and_b32_e32 v1, 12, v2",12,48,/app/aiter/aiter/ops/triton/gemm_afp4wfp4.py:118
4,11108,"v_lshrrev_b32_e32 v2, 3, v0",12,48,/app/aiter/aiter/ops/triton/gemm_afp4wfp4.py:118
4,11112,"v_mfma_scale_f32_16x16x128_f8f6f4 a[12:15], v[56:59], v[48:51], a[12:15], v73, v61 op_sel_hi:[0,0,0] cbsz:4 blgp:4",12,96,/app/aiter/aiter/ops/triton/gemm_afp4wfp4.py:103
4,11128,"v_add_u32_e32 v2, 0, v2",12,96,/app/aiter/aiter/ops/triton/gemm_afp4wfp4.py:118
4,11132,"v_lshlrev_b32_e32 v1, 1, v1",12,48,/app/aiter/aiter/ops/triton/gemm_afp4wfp4.py:118
4,11136,"v_lshlrev_b32_e32 v0, 1, v0",12,48,/app/aiter/aiter/ops/triton/gemm_afp4wfp4.py:118
4,11140,"v_add3_u32 v0, v2, v1, v0",12,48,/app/aiter/aiter/ops/triton/gemm_afp4wfp4.py:118
4,11148,"v_lshlrev_b32_e32 v1, 1, v66",12,48,/app/aiter/aiter/ops/triton/gemm_afp4wfp4.py:118
4,11152,"v_lshlrev_b32_e32 v2, 1, v67",12,48,/app/aiter/aiter/ops/triton/gemm_afp4wfp4.py:118
4,11156,"v_add3_u32 v9, v0, v1, v2",12,48,/app/aiter/aiter/ops/triton/gemm_afp4wfp4.py:118
4,11164,"v_accvgpr_read_b32 v0, a7",12,48,/app/aiter/aiter/ops/triton/gemm_afp4wfp4.py:118
4,11172,"v_accvgpr_read_b32 v1, a6",12,48,/app/aiter/aiter/ops/triton/gemm_afp4wfp4.py:118
4,11180,"v_mfma_scale_f32_16x16x128_f8f6f4 a[0:3], v[52:55], v[22:25], a[0:3], v71, v65 op_sel_hi:[0,0,0] cbsz:4 blgp:4",12,144,/app/aiter/aiter/ops/triton/gemm_afp4wfp4.py:103
4,11196,"v_cvt_pk_bf16_f32 v1, v1, v0",12,48,/app/aiter/aiter/ops/triton/gemm_afp4wfp4.py:118
4,11204,"v_accvgpr_read_b32 v0, a5",12,48,/app/aiter/aiter/ops/triton/gemm_afp4wfp4.py:118
4,11212,"v_accvgpr_read_b32 v2, a4",12,48,/app/aiter/aiter/ops/triton/gemm_afp4wfp4.py:118
4,11220,"v_cvt_pk_bf16_f32 v0, v2, v0",12,48,/app/aiter/aiter/ops/triton/gemm_afp4wfp4.py:118
4,11228,"v_accvgpr_read_b32 v2, a15",12,48,/app/aiter/aiter/ops/triton/gemm_afp4wfp4.py:118
4,11236,"v_accvgpr_read_b32 v3, a14",12,48,/app/aiter/aiter/ops/triton/gemm_afp4wfp4.py:118
4,11244,"v_mfma_scale_f32_16x16x128_f8f6f4 a[8:11], v[56:59], v[22:25], a[8:11], v73, v65 op_sel_hi:[0,0,0] cbsz:4 blgp:4",12,144,/app/aiter/aiter/ops/triton/gemm_afp4wfp4.py:103
4,11260,"v_cvt_pk_bf16_f32 v3, v3, v2",12,48,/app/aiter/aiter/ops/triton/gemm_afp4wfp4.py:118
4,11268,"v_accvgpr_read_b32 v2, a13",12,48,/app/aiter/aiter/ops/triton/gemm_afp4wfp4.py:118
4,11276,"v_accvgpr_read_b32 v5, a12",12,48,/app/aiter/aiter/ops/triton/gemm_afp4wfp4.py:118
4,11284,"v_cvt_pk_bf16_f32 v2, v5, v2",12,48,/app/aiter/aiter/ops/triton/gemm_afp4wfp4.py:118
4,11292,"ds_write2_b64 v9, v[0:1], v[2:3] offset1:16",12,356,/app/aiter/aiter/ops/triton/gemm_afp4wfp4.py:118
4,11300,"v_lshrrev_b32_e32 v0, 3, v42",12,236,/app/aiter/aiter/ops/triton/gemm_afp4wfp4.py:118
4,11304,"v_lshlrev_b32_e32 v1, 1, v4",12,52,/app/aiter/aiter/ops/triton/gemm_afp4wfp4.py:118
4,11308,"v_accvgpr_read_b32 v4, a3",12,236,/app/aiter/aiter/ops/triton/gemm_afp4wfp4.py:118
4,11316,"v_accvgpr_read_b32 v5, a2",12,48,/app/aiter/aiter/ops/triton/gemm_afp4wfp4.py:118
4,11324,"v_and_b32_e32 v0, 0xf0, v0",12,48,/app/aiter/aiter/ops/triton/gemm_afp4wfp4.py:118
4,11332,"v_cvt_pk_bf16_f32 v5, v5, v4",12,48,/app/aiter/aiter/ops/triton/gemm_afp4wfp4.py:118
4,11340,"v_accvgpr_read_b32 v4, a1",12,48,/app/aiter/aiter/ops/triton/gemm_afp4wfp4.py:118
4,11348,"v_accvgpr_read_b32 v6, a0",12,320,/app/aiter/aiter/ops/triton/gemm_afp4wfp4.py:118
4,11356,"v_add3_u32 v10, 0, v0, v1",12,308,/app/aiter/aiter/ops/triton/gemm_afp4wfp4.py:118
4,11364,"v_cvt_pk_bf16_f32 v4, v6, v4",12,136,/app/aiter/aiter/ops/triton/gemm_afp4wfp4.py:118
4,11372,"v_accvgpr_read_b32 v6, a11",12,48,/app/aiter/aiter/ops/triton/gemm_afp4wfp4.py:118
4,11380,"v_accvgpr_read_b32 v7, a10",12,48,/app/aiter/aiter/ops/triton/gemm_afp4wfp4.py:118
4,11388,"s_waitcnt lgkmcnt(0)",12,48,/app/aiter/aiter/ops/triton/gemm_afp4wfp4.py:118
4,11392,"s_barrier",12,124,/app/aiter/aiter/ops/triton/gemm_afp4wfp4.py:118
4,11396,"ds_read_b128 v[0:3], v10",12,72,/app/aiter/aiter/ops/triton/gemm_afp4wfp4.py:118
4,11404,"v_cvt_pk_bf16_f32 v7, v7, v6",12,48,/app/aiter/aiter/ops/triton/gemm_afp4wfp4.py:118
4,11412,"v_accvgpr_read_b32 v6, a9",12,48,/app/aiter/aiter/ops/triton/gemm_afp4wfp4.py:118
4,11420,"v_accvgpr_read_b32 v11, a8",12,48,/app/aiter/aiter/ops/triton/gemm_afp4wfp4.py:118
4,11428,"v_cvt_pk_bf16_f32 v6, v11, v6",12,48,/app/aiter/aiter/ops/triton/gemm_afp4wfp4.py:118
4,11436,"s_waitcnt lgkmcnt(0)",12,532,/app/aiter/aiter/ops/triton/gemm_afp4wfp4.py:118
4,11440,"s_barrier",12,212,/app/aiter/aiter/ops/triton/gemm_afp4wfp4.py:118
4,11444,"ds_write2_b64 v9, v[4:5], v[6:7] offset1:16",12,360,/app/aiter/aiter/ops/triton/gemm_afp4wfp4.py:118
4,11452,"s_waitcnt lgkmcnt(0)",12,880,/app/aiter/aiter/ops/triton/gemm_afp4wfp4.py:118
4,11456,"s_barrier",12,360,/app/aiter/aiter/ops/triton/gemm_afp4wfp4.py:118
4,11460,"ds_read_b128 v[4:7], v10",12,72,/app/aiter/aiter/ops/triton/gemm_afp4wfp4.py:118
4,11468,"v_lshlrev_b32_e32 v8, 1, v8",12,112,/app/aiter/aiter/ops/triton/gemm_afp4wfp4.py:118
4,11472,"v_bfrev_b32_e32 v9, 1",12,96,/app/aiter/aiter/ops/triton/gemm_afp4wfp4.py:118
4,11476,"s_and_b64 vcc, vcc, s[2:3]",12,48,/app/aiter/aiter/ops/triton/gemm_afp4wfp4.py:117
4,11480,"v_cmp_gt_i64_e64 s[0:1], s[12:13], v[40:41]",12,64,/app/aiter/aiter/ops/triton/gemm_afp4wfp4.py:117
4,11488,"s_and_b32 s5, s5, 0xffff",12,48,/app/aiter/aiter/ops/triton/gemm_afp4wfp4.py:118
4,11496,"v_cndmask_b32_e32 v10, v9, v8, vcc",12,56,/app/aiter/aiter/ops/triton/gemm_afp4wfp4.py:118
4,11500,"buffer_store_dwordx4 v[0:3], v10, s[4:7], 0 offen",12,304,/app/aiter/aiter/ops/triton/gemm_afp4wfp4.py:118
4,11508,"s_and_b64 vcc, s[0:1], s[2:3]",12,48,/app/aiter/aiter/ops/triton/gemm_afp4wfp4.py:117
4,11512,"s_nop 0",12,48,/app/aiter/aiter/ops/triton/gemm_afp4wfp4.py:118
4,11516,"v_add_u32_e32 v0, 0x1a0000, v8",12,48,/app/aiter/aiter/ops/triton/gemm_afp4wfp4.py:118
4,11524,"v_cndmask_b32_e32 v0, v9, v0, vcc",12,48,/app/aiter/aiter/ops/triton/gemm_afp4wfp4.py:118
4,11528,"s_waitcnt lgkmcnt(0)",12,48,/app/aiter/aiter/ops/triton/gemm_afp4wfp4.py:118
4,11532,"buffer_store_dwordx4 v[4:7], v0, s[4:7], 0 offen",12,492,/app/aiter/aiter/ops/triton/gemm_afp4wfp4.py:118
4,11540,"s_endpgm",12,3328,/app/aiter/aiter/ops/triton/gemm_afp4wfp4.py:118
4,11544,"s_nop 0",0,0,/app/aiter/aiter/ops/triton/gemm_afp4wfp4.py:118
