Dispatch_ID,GPU_ID,Queue_ID,PID,TID,Grid_Size,Workgroup_Size,LDS_Per_Workgroup,Scratch_Per_Workitem,Arch_VGPR,Accum_VGPR,SGPR,Wave_Size,Kernel_Name,Start_Timestamp,End_Timestamp,Correlation_ID
0,2,1,430889,430889,256,256,0,0,12,4,32,64,"void at::native::vectorized_elementwise_kernel<4, at::native::FillFunctor<int>, std::array<char*, 1ul>>(int, at::native::FillFunctor<int>, std::array<char*, 1ul>) (.kd)",3793701742854582,3793701742858262,0
1,2,1,430889,430889,512,512,0,0,12,4,32,64,"void at::native::elementwise_kernel<512, 1, void at::native::gpu_kernel_impl<at::native::direct_copy_kernel_cuda(at::TensorIteratorBase&)::'lambda1'()::operator()() const::'lambda2'()::operator()() const::'lambda'(long)>(at::TensorIteratorBase&, at::native::direct_copy_kernel_cuda(at::TensorIteratorBase&)::'lambda1'()::operator()() const::'lambda2'()::operator()() const::'lambda'(long) const&)::'lambda'(int)>(int, void at::native::gpu_kernel_impl<at::native::direct_copy_kernel_cuda(at::TensorIteratorBase&)::'lambda1'()::operator()() const::'lambda2'()::operator()() const::'lambda'(long)>(at::TensorIteratorBase&, at::native::direct_copy_kernel_cuda(at::TensorIteratorBase&)::'lambda1'()::operator()() const::'lambda2'()::operator()() const::'lambda'(long) const&)::'lambda'(int)) (.kd)",3793701763964383,3793701763968943,0
2,2,1,430889,430889,128,128,1536,80,36,4,80,64,"void at::native::reduce_kernel<512, 1, at::native::ReduceOp<long, at::native::func_wrapper_t<long, at::native::sum_functor<long, long, long>::operator()(at::TensorIterator&)::'lambda0'(long, long)>, unsigned int, long, 4, 4>>(at::native::ReduceOp<long, at::native::func_wrapper_t<long, at::native::sum_functor<long, long, long>::operator()(at::TensorIterator&)::'lambda0'(long, long)>, unsigned int, long, 4, 4>) (.kd)",3793701771820183,3793701771826903,0
3,2,1,430889,430889,512,512,0,0,12,4,32,64,"void at::native::elementwise_kernel<512, 1, void at::native::gpu_kernel_impl<at::native::direct_copy_kernel_cuda(at::TensorIteratorBase&)::'lambda1'()::operator()() const::'lambda5'()::operator()() const::'lambda'(float)>(at::TensorIteratorBase&, at::native::direct_copy_kernel_cuda(at::TensorIteratorBase&)::'lambda1'()::operator()() const::'lambda5'()::operator()() const::'lambda'(float) const&)::'lambda'(int)>(int, void at::native::gpu_kernel_impl<at::native::direct_copy_kernel_cuda(at::TensorIteratorBase&)::'lambda1'()::operator()() const::'lambda5'()::operator()() const::'lambda'(float)>(at::TensorIteratorBase&, at::native::direct_copy_kernel_cuda(at::TensorIteratorBase&)::'lambda1'()::operator()() const::'lambda5'()::operator()() const::'lambda'(float) const&)::'lambda'(int)) (.kd)",3793701777238404,3793701777243204,0
4,2,1,430889,430889,128,128,1024,48,28,4,80,64,"void at::native::reduce_kernel<512, 1, at::native::ReduceOp<float, at::native::MeanOps<float, float, float, float>, unsigned int, float, 4, 4>>(at::native::ReduceOp<float, at::native::MeanOps<float, float, float, float>, unsigned int, float, 4, 4>) (.kd)",3793701781047298,3793701781055018,0
5,2,1,430889,430889,512,512,0,0,12,4,32,64,"void at::native::elementwise_kernel<512, 1, void at::native::gpu_kernel_impl<at::native::direct_copy_kernel_cuda(at::TensorIteratorBase&)::'lambda1'()::operator()() const::'lambda1'()::operator()() const::'lambda'(int)>(at::TensorIteratorBase&, at::native::direct_copy_kernel_cuda(at::TensorIteratorBase&)::'lambda1'()::operator()() const::'lambda1'()::operator()() const::'lambda'(int) const&)::'lambda'(int)>(int, void at::native::gpu_kernel_impl<at::native::direct_copy_kernel_cuda(at::TensorIteratorBase&)::'lambda1'()::operator()() const::'lambda1'()::operator()() const::'lambda'(int)>(at::TensorIteratorBase&, at::native::direct_copy_kernel_cuda(at::TensorIteratorBase&)::'lambda1'()::operator()() const::'lambda1'()::operator()() const::'lambda'(int) const&)::'lambda'(int)) (.kd)",3793701781108099,3793701781112899,0
6,2,1,430889,430889,128,128,1024,48,28,4,80,64,"void at::native::reduce_kernel<512, 1, at::native::ReduceOp<int, at::native::func_wrapper_t<int, at::native::MaxNanFunctor<int>>, unsigned int, int, 4, 4>>(at::native::ReduceOp<int, at::native::func_wrapper_t<int, at::native::MaxNanFunctor<int>>, unsigned int, int, 4, 4>) (.kd)",3793701785079114,3793701785085994,0
7,2,1,430889,430889,163840,256,0,0,56,0,48,64,"void at::native::(anonymous namespace)::distribution_elementwise_grid_stride_kernel<float, 4, void at::native::templates::cuda::normal_and_transform<c10::Half, float, at::CUDAGeneratorImpl*, void at::native::templates::cuda::normal_kernel<at::CUDAGeneratorImpl*>(at::TensorBase const&, double, double, at::CUDAGeneratorImpl*)::'lambda'()::operator()() const::'lambda1'()::operator()() const::'lambda'(float)>(at::TensorIteratorBase&, at::CUDAGeneratorImpl*, void at::native::templates::cuda::normal_kernel<at::CUDAGeneratorImpl*>(at::TensorBase const&, double, double, at::CUDAGeneratorImpl*)::'lambda'()::operator()() const::'lambda1'()::operator()() const::'lambda'(float))::'lambda0'(hiprandStatePhilox4_32_10*), void at::native::(anonymous namespace)::distribution_nullary_kernel<c10::Half, float, HIP_vector_type<float, 4u>, at::CUDAGeneratorImpl*, void at::native::templates::cuda::normal_and_transform<c10::Half, float, at::CUDAGeneratorImpl*, void at::native::templates::cuda::normal_kernel<at::CUDAGeneratorImpl*>(at::TensorBase const&, double, double, at::CUDAGeneratorImpl*)::'lambda'()::operator()() const::'lambda1'()::operator()() const::'lambda'(float)>(at::TensorIteratorBase&, at::CUDAGeneratorImpl*, void at::native::templates::cuda::normal_kernel<at::CUDAGeneratorImpl*>(at::TensorBase const&, double, double, at::CUDAGeneratorImpl*)::'lambda'()::operator()() const::'lambda1'()::operator()() const::'lambda'(float))::'lambda0'(hiprandStatePhilox4_32_10*), void at::native::templates::cuda::normal_kernel<at::CUDAGeneratorImpl*>(at::TensorBase const&, double, double, at::CUDAGeneratorImpl*)::'lambda'()::operator()() const::'lambda1'()::operator()() const::'lambda'(float)>(at::TensorIteratorBase&, void at::native::templates::cuda::normal_kernel<at::CUDAGeneratorImpl*>(at::TensorBase const&, double, double, at::CUDAGeneratorImpl*)::'lambda'()::operator()() const::'lambda1'()::operator()() const::'lambda'(float), void at::native::templates::cuda::normal_and_transform<c10::Half, float, at::CUDAGeneratorImpl*, void at::native::templates::cuda::normal_kernel<at::CUDAGeneratorImpl*>(at::TensorBase const&, double, double, at::CUDAGeneratorImpl*)::'lambda'()::operator()() const::'lambda1'()::operator()() const::'lambda'(float)>(at::TensorIteratorBase&, at::CUDAGeneratorImpl*, void at::native::templates::cuda::normal_kernel<at::CUDAGeneratorImpl*>(at::TensorBase const&, double, double, at::CUDAGeneratorImpl*)::'lambda'()::operator()() const::'lambda1'()::operator()() const::'lambda'(float))::'lambda0'(hiprandStatePhilox4_32_10*) const&, void at::native::templates::cuda::normal_kernel<at::CUDAGeneratorImpl*>(at::TensorBase const&, double, double, at::CUDAGeneratorImpl*)::'lambda'()::operator()() const::'lambda1'()::operator()() const::'lambda'(float))::'lambda'(int, float)>(long, at::PhiloxCudaState, at::CUDAGeneratorImpl*, void at::native::templates::cuda::normal_kernel<at::CUDAGeneratorImpl*>(at::TensorBase const&, double, double, at::CUDAGeneratorImpl*)::'lambda'()::operator()() const::'lambda1'()::operator()() const::'lambda'(float)) (.kd)",3793701786469439,3793701786483719,0
8,2,1,430889,430889,71680,128,0,0,4,4,16,64,"void (anonymous namespace)::elementwise_kernel_with_index<int, at::native::arange_cuda_out(c10::Scalar const&, c10::Scalar const&, c10::Scalar const&, at::Tensor&)::'lambda'()::operator()() const::'lambda1'()::operator()() const::'lambda'(long)>(int, at::native::arange_cuda_out(c10::Scalar const&, c10::Scalar const&, c10::Scalar const&, at::Tensor&)::'lambda'()::operator()() const::'lambda1'()::operator()() const::'lambda'(long), function_traits<at::native::arange_cuda_out(c10::Scalar const&, c10::Scalar const&, c10::Scalar const&, at::Tensor&)::'lambda'()::operator()() const::'lambda1'()::operator()() const::'lambda'(long)>::result_type*) (.kd)",3793701788690308,3793701788693548,0
9,2,1,430889,430889,163840,256,0,0,56,0,48,64,"void at::native::(anonymous namespace)::distribution_elementwise_grid_stride_kernel<float, 4, void at::native::templates::cuda::normal_and_transform<c10::Half, float, at::CUDAGeneratorImpl*, void at::native::templates::cuda::normal_kernel<at::CUDAGeneratorImpl*>(at::TensorBase const&, double, double, at::CUDAGeneratorImpl*)::'lambda'()::operator()() const::'lambda1'()::operator()() const::'lambda'(float)>(at::TensorIteratorBase&, at::CUDAGeneratorImpl*, void at::native::templates::cuda::normal_kernel<at::CUDAGeneratorImpl*>(at::TensorBase const&, double, double, at::CUDAGeneratorImpl*)::'lambda'()::operator()() const::'lambda1'()::operator()() const::'lambda'(float))::'lambda0'(hiprandStatePhilox4_32_10*), void at::native::(anonymous namespace)::distribution_nullary_kernel<c10::Half, float, HIP_vector_type<float, 4u>, at::CUDAGeneratorImpl*, void at::native::templates::cuda::normal_and_transform<c10::Half, float, at::CUDAGeneratorImpl*, void at::native::templates::cuda::normal_kernel<at::CUDAGeneratorImpl*>(at::TensorBase const&, double, double, at::CUDAGeneratorImpl*)::'lambda'()::operator()() const::'lambda1'()::operator()() const::'lambda'(float)>(at::TensorIteratorBase&, at::CUDAGeneratorImpl*, void at::native::templates::cuda::normal_kernel<at::CUDAGeneratorImpl*>(at::TensorBase const&, double, double, at::CUDAGeneratorImpl*)::'lambda'()::operator()() const::'lambda1'()::operator()() const::'lambda'(float))::'lambda0'(hiprandStatePhilox4_32_10*), void at::native::templates::cuda::normal_kernel<at::CUDAGeneratorImpl*>(at::TensorBase const&, double, double, at::CUDAGeneratorImpl*)::'lambda'()::operator()() const::'lambda1'()::operator()() const::'lambda'(float)>(at::TensorIteratorBase&, void at::native::templates::cuda::normal_kernel<at::CUDAGeneratorImpl*>(at::TensorBase const&, double, double, at::CUDAGeneratorImpl*)::'lambda'()::operator()() const::'lambda1'()::operator()() const::'lambda'(float), void at::native::templates::cuda::normal_and_transform<c10::Half, float, at::CUDAGeneratorImpl*, void at::native::templates::cuda::normal_kernel<at::CUDAGeneratorImpl*>(at::TensorBase const&, double, double, at::CUDAGeneratorImpl*)::'lambda'()::operator()() const::'lambda1'()::operator()() const::'lambda'(float)>(at::TensorIteratorBase&, at::CUDAGeneratorImpl*, void at::native::templates::cuda::normal_kernel<at::CUDAGeneratorImpl*>(at::TensorBase const&, double, double, at::CUDAGeneratorImpl*)::'lambda'()::operator()() const::'lambda1'()::operator()() const::'lambda'(float))::'lambda0'(hiprandStatePhilox4_32_10*) const&, void at::native::templates::cuda::normal_kernel<at::CUDAGeneratorImpl*>(at::TensorBase const&, double, double, at::CUDAGeneratorImpl*)::'lambda'()::operator()() const::'lambda1'()::operator()() const::'lambda'(float))::'lambda'(int, float)>(long, at::PhiloxCudaState, at::CUDAGeneratorImpl*, void at::native::templates::cuda::normal_kernel<at::CUDAGeneratorImpl*>(at::TensorBase const&, double, double, at::CUDAGeneratorImpl*)::'lambda'()::operator()() const::'lambda1'()::operator()() const::'lambda'(float)) (.kd)",3793701788868869,3793701792855724,0
10,2,1,430889,430889,498944,256,0,0,12,4,32,64,"void at::native::vectorized_elementwise_kernel<8, at::native::FillFunctor<c10::Half>, std::array<char*, 1ul>>(int, at::native::FillFunctor<c10::Half>, std::array<char*, 1ul>) (.kd)",3793701792996324,3793701793009324,0
11,2,1,430889,430889,556288,256,0,0,12,4,32,64,"void at::native::vectorized_elementwise_kernel<8, at::native::FillFunctor<c10::Half>, std::array<char*, 1ul>>(int, at::native::FillFunctor<c10::Half>, std::array<char*, 1ul>) (.kd)",3793701793056605,3793701793070285,0
12,2,1,430889,430889,441600,256,0,0,12,4,32,64,"void at::native::vectorized_elementwise_kernel<8, at::native::FillFunctor<c10::Half>, std::array<char*, 1ul>>(int, at::native::FillFunctor<c10::Half>, std::array<char*, 1ul>) (.kd)",3793701793113125,3793701793124685,0
13,2,1,430889,430889,261376,256,0,0,12,4,32,64,"void at::native::vectorized_elementwise_kernel<8, at::native::FillFunctor<c10::Half>, std::array<char*, 1ul>>(int, at::native::FillFunctor<c10::Half>, std::array<char*, 1ul>) (.kd)",3793701793166725,3793701793174245,0
14,2,1,430889,430889,541440,256,0,0,12,4,32,64,"void at::native::vectorized_elementwise_kernel<8, at::native::FillFunctor<c10::Half>, std::array<char*, 1ul>>(int, at::native::FillFunctor<c10::Half>, std::array<char*, 1ul>) (.kd)",3793701793214765,3793701793227965,0
15,2,1,430889,430889,277504,256,0,0,12,4,32,64,"void at::native::vectorized_elementwise_kernel<8, at::native::FillFunctor<c10::Half>, std::array<char*, 1ul>>(int, at::native::FillFunctor<c10::Half>, std::array<char*, 1ul>) (.kd)",3793701793269285,3793701793277326,0
16,2,1,430889,430889,465152,256,0,0,12,4,32,64,"void at::native::vectorized_elementwise_kernel<8, at::native::FillFunctor<c10::Half>, std::array<char*, 1ul>>(int, at::native::FillFunctor<c10::Half>, std::array<char*, 1ul>) (.kd)",3793701793317406,3793701793329286,0
17,2,1,430889,430889,522240,256,0,0,12,4,32,64,"void at::native::vectorized_elementwise_kernel<8, at::native::FillFunctor<c10::Half>, std::array<char*, 1ul>>(int, at::native::FillFunctor<c10::Half>, std::array<char*, 1ul>) (.kd)",3793701793369486,3793701793382846,0
18,2,1,430889,430889,513536,256,0,0,12,4,32,64,"void at::native::vectorized_elementwise_kernel<8, at::native::FillFunctor<c10::Half>, std::array<char*, 1ul>>(int, at::native::FillFunctor<c10::Half>, std::array<char*, 1ul>) (.kd)",3793701793423766,3793701793436726,0
19,2,1,430889,430889,591872,256,0,0,12,4,32,64,"void at::native::vectorized_elementwise_kernel<8, at::native::FillFunctor<c10::Half>, std::array<char*, 1ul>>(int, at::native::FillFunctor<c10::Half>, std::array<char*, 1ul>) (.kd)",3793701793478326,3793701793492726,0
20,2,1,430889,430889,394496,256,0,0,12,4,32,64,"void at::native::vectorized_elementwise_kernel<8, at::native::FillFunctor<c10::Half>, std::array<char*, 1ul>>(int, at::native::FillFunctor<c10::Half>, std::array<char*, 1ul>) (.kd)",3793701793535127,3793701793545807,0
21,2,1,430889,430889,327424,256,0,0,12,4,32,64,"void at::native::vectorized_elementwise_kernel<8, at::native::FillFunctor<c10::Half>, std::array<char*, 1ul>>(int, at::native::FillFunctor<c10::Half>, std::array<char*, 1ul>) (.kd)",3793701793585887,3793701793595167,0
22,2,1,430889,430889,220416,256,0,0,12,4,32,64,"void at::native::vectorized_elementwise_kernel<8, at::native::FillFunctor<c10::Half>, std::array<char*, 1ul>>(int, at::native::FillFunctor<c10::Half>, std::array<char*, 1ul>) (.kd)",3793701793636007,3793701793642927,0
23,2,1,430889,430889,242176,256,0,0,12,4,32,64,"void at::native::vectorized_elementwise_kernel<8, at::native::FillFunctor<c10::Half>, std::array<char*, 1ul>>(int, at::native::FillFunctor<c10::Half>, std::array<char*, 1ul>) (.kd)",3793701793682527,3793701793689847,0
24,2,1,430889,430889,455424,256,0,0,12,4,32,64,"void at::native::vectorized_elementwise_kernel<8, at::native::FillFunctor<c10::Half>, std::array<char*, 1ul>>(int, at::native::FillFunctor<c10::Half>, std::array<char*, 1ul>) (.kd)",3793701793731447,3793701793743247,0
25,2,1,430889,430889,301568,256,0,0,12,4,32,64,"void at::native::vectorized_elementwise_kernel<8, at::native::FillFunctor<c10::Half>, std::array<char*, 1ul>>(int, at::native::FillFunctor<c10::Half>, std::array<char*, 1ul>) (.kd)",3793701793782807,3793701793791368,0
26,2,1,430889,430889,276992,256,0,0,12,4,32,64,"void at::native::vectorized_elementwise_kernel<8, at::native::FillFunctor<c10::Half>, std::array<char*, 1ul>>(int, at::native::FillFunctor<c10::Half>, std::array<char*, 1ul>) (.kd)",3793701793833088,3793701793841168,0
27,2,1,430889,430889,237568,256,0,0,12,4,32,64,"void at::native::vectorized_elementwise_kernel<8, at::native::FillFunctor<c10::Half>, std::array<char*, 1ul>>(int, at::native::FillFunctor<c10::Half>, std::array<char*, 1ul>) (.kd)",3793701793881928,3793701793889168,0
28,2,1,430889,430889,455424,256,0,0,12,4,32,64,"void at::native::vectorized_elementwise_kernel<8, at::native::FillFunctor<c10::Half>, std::array<char*, 1ul>>(int, at::native::FillFunctor<c10::Half>, std::array<char*, 1ul>) (.kd)",3793701793933368,3793701793945168,0
29,2,1,430889,430889,468992,256,0,0,12,4,32,64,"void at::native::vectorized_elementwise_kernel<8, at::native::FillFunctor<c10::Half>, std::array<char*, 1ul>>(int, at::native::FillFunctor<c10::Half>, std::array<char*, 1ul>) (.kd)",3793701793985848,3793701793997848,0
30,2,1,430889,430889,178944,256,0,0,12,4,32,64,"void at::native::vectorized_elementwise_kernel<8, at::native::FillFunctor<c10::Half>, std::array<char*, 1ul>>(int, at::native::FillFunctor<c10::Half>, std::array<char*, 1ul>) (.kd)",3793701794038088,3793701794044168,0
31,2,1,430889,430889,364800,256,0,0,12,4,32,64,"void at::native::vectorized_elementwise_kernel<8, at::native::FillFunctor<c10::Half>, std::array<char*, 1ul>>(int, at::native::FillFunctor<c10::Half>, std::array<char*, 1ul>) (.kd)",3793701794085289,3793701794095129,0
32,2,1,430889,430889,247552,256,0,0,12,4,32,64,"void at::native::vectorized_elementwise_kernel<8, at::native::FillFunctor<c10::Half>, std::array<char*, 1ul>>(int, at::native::FillFunctor<c10::Half>, std::array<char*, 1ul>) (.kd)",3793701794135889,3793701794143369,0
33,2,1,430889,430889,191232,256,0,0,12,4,32,64,"void at::native::vectorized_elementwise_kernel<8, at::native::FillFunctor<c10::Half>, std::array<char*, 1ul>>(int, at::native::FillFunctor<c10::Half>, std::array<char*, 1ul>) (.kd)",3793701794183969,3793701794190449,0
34,2,1,430889,430889,645120,256,0,0,12,4,32,64,"void at::native::vectorized_elementwise_kernel<8, at::native::FillFunctor<c10::Half>, std::array<char*, 1ul>>(int, at::native::FillFunctor<c10::Half>, std::array<char*, 1ul>) (.kd)",3793701794231169,3793701794246489,0
35,2,1,430889,430889,315136,256,0,0,12,4,32,64,"void at::native::vectorized_elementwise_kernel<8, at::native::FillFunctor<c10::Half>, std::array<char*, 1ul>>(int, at::native::FillFunctor<c10::Half>, std::array<char*, 1ul>) (.kd)",3793701794287809,3793701794296609,0
36,2,1,430889,430889,434688,256,0,0,12,4,32,64,"void at::native::vectorized_elementwise_kernel<8, at::native::FillFunctor<c10::Half>, std::array<char*, 1ul>>(int, at::native::FillFunctor<c10::Half>, std::array<char*, 1ul>) (.kd)",3793701794337130,3793701794348450,0
37,2,1,430889,430889,228864,256,0,0,12,4,32,64,"void at::native::vectorized_elementwise_kernel<8, at::native::FillFunctor<c10::Half>, std::array<char*, 1ul>>(int, at::native::FillFunctor<c10::Half>, std::array<char*, 1ul>) (.kd)",3793701794389490,3793701794396570,0
38,2,1,430889,430889,234752,256,0,0,12,4,32,64,"void at::native::vectorized_elementwise_kernel<8, at::native::FillFunctor<c10::Half>, std::array<char*, 1ul>>(int, at::native::FillFunctor<c10::Half>, std::array<char*, 1ul>) (.kd)",3793701794436530,3793701794443690,0
39,2,1,430889,430889,325888,256,0,0,12,4,32,64,"void at::native::vectorized_elementwise_kernel<8, at::native::FillFunctor<c10::Half>, std::array<char*, 1ul>>(int, at::native::FillFunctor<c10::Half>, std::array<char*, 1ul>) (.kd)",3793701794483690,3793701794492930,0
40,2,1,430889,430889,209920,256,0,0,12,4,32,64,"void at::native::vectorized_elementwise_kernel<8, at::native::FillFunctor<c10::Half>, std::array<char*, 1ul>>(int, at::native::FillFunctor<c10::Half>, std::array<char*, 1ul>) (.kd)",3793701794534930,3793701794541690,0
41,2,1,430889,430889,446720,256,0,0,12,4,32,64,"void at::native::vectorized_elementwise_kernel<8, at::native::FillFunctor<c10::Half>, std::array<char*, 1ul>>(int, at::native::FillFunctor<c10::Half>, std::array<char*, 1ul>) (.kd)",3793701794582051,3793701794593891,0
42,2,1,430889,430889,237824,256,0,0,12,4,32,64,"void at::native::vectorized_elementwise_kernel<8, at::native::FillFunctor<c10::Half>, std::array<char*, 1ul>>(int, at::native::FillFunctor<c10::Half>, std::array<char*, 1ul>) (.kd)",3793701794634211,3793701794641411,0
43,2,1,430889,430889,302592,256,0,0,12,4,32,64,"void at::native::vectorized_elementwise_kernel<8, at::native::FillFunctor<c10::Half>, std::array<char*, 1ul>>(int, at::native::FillFunctor<c10::Half>, std::array<char*, 1ul>) (.kd)",3793701794681131,3793701794689691,0
44,2,1,430889,430889,443648,256,0,0,12,4,32,64,"void at::native::vectorized_elementwise_kernel<8, at::native::FillFunctor<c10::Half>, std::array<char*, 1ul>>(int, at::native::FillFunctor<c10::Half>, std::array<char*, 1ul>) (.kd)",3793701794729571,3793701794741211,0
45,2,1,430889,430889,355328,256,0,0,12,4,32,64,"void at::native::vectorized_elementwise_kernel<8, at::native::FillFunctor<c10::Half>, std::array<char*, 1ul>>(int, at::native::FillFunctor<c10::Half>, std::array<char*, 1ul>) (.kd)",3793701794781051,3793701794790691,0
46,2,1,430889,430889,335104,256,0,0,12,4,32,64,"void at::native::vectorized_elementwise_kernel<8, at::native::FillFunctor<c10::Half>, std::array<char*, 1ul>>(int, at::native::FillFunctor<c10::Half>, std::array<char*, 1ul>) (.kd)",3793701794830972,3793701794840252,0
47,2,1,430889,430889,171264,256,0,0,12,4,32,64,"void at::native::vectorized_elementwise_kernel<8, at::native::FillFunctor<c10::Half>, std::array<char*, 1ul>>(int, at::native::FillFunctor<c10::Half>, std::array<char*, 1ul>) (.kd)",3793701794880452,3793701794886372,0
48,2,1,430889,430889,411136,256,0,0,12,4,32,64,"void at::native::vectorized_elementwise_kernel<8, at::native::FillFunctor<c10::Half>, std::array<char*, 1ul>>(int, at::native::FillFunctor<c10::Half>, std::array<char*, 1ul>) (.kd)",3793701794927652,3793701794938772,0
49,2,1,430889,430889,396032,256,0,0,12,4,32,64,"void at::native::vectorized_elementwise_kernel<8, at::native::FillFunctor<c10::Half>, std::array<char*, 1ul>>(int, at::native::FillFunctor<c10::Half>, std::array<char*, 1ul>) (.kd)",3793701794979012,3793701794989652,0
50,2,1,430889,430889,319232,256,0,0,12,4,32,64,"void at::native::vectorized_elementwise_kernel<8, at::native::FillFunctor<c10::Half>, std::array<char*, 1ul>>(int, at::native::FillFunctor<c10::Half>, std::array<char*, 1ul>) (.kd)",3793701795029212,3793701795038172,0
51,2,1,430889,430889,472064,256,0,0,12,4,32,64,"void at::native::vectorized_elementwise_kernel<8, at::native::FillFunctor<c10::Half>, std::array<char*, 1ul>>(int, at::native::FillFunctor<c10::Half>, std::array<char*, 1ul>) (.kd)",3793701795078052,3793701795090493,0
52,2,1,430889,430889,382976,256,0,0,12,4,32,64,"void at::native::vectorized_elementwise_kernel<8, at::native::FillFunctor<c10::Half>, std::array<char*, 1ul>>(int, at::native::FillFunctor<c10::Half>, std::array<char*, 1ul>) (.kd)",3793701795131573,3793701795141653,0
53,2,1,430889,430889,273920,256,0,0,12,4,32,64,"void at::native::vectorized_elementwise_kernel<8, at::native::FillFunctor<c10::Half>, std::array<char*, 1ul>>(int, at::native::FillFunctor<c10::Half>, std::array<char*, 1ul>) (.kd)",3793701795181333,3793701795189133,0
54,2,1,430889,430889,288256,256,0,0,12,4,32,64,"void at::native::vectorized_elementwise_kernel<8, at::native::FillFunctor<c10::Half>, std::array<char*, 1ul>>(int, at::native::FillFunctor<c10::Half>, std::array<char*, 1ul>) (.kd)",3793701795229173,3793701795237293,0
55,2,1,430889,430889,380928,256,0,0,12,4,32,64,"void at::native::vectorized_elementwise_kernel<8, at::native::FillFunctor<c10::Half>, std::array<char*, 1ul>>(int, at::native::FillFunctor<c10::Half>, std::array<char*, 1ul>) (.kd)",3793701795277933,3793701795288093,0
56,2,1,430889,430889,504832,256,0,0,12,4,32,64,"void at::native::vectorized_elementwise_kernel<8, at::native::FillFunctor<c10::Half>, std::array<char*, 1ul>>(int, at::native::FillFunctor<c10::Half>, std::array<char*, 1ul>) (.kd)",3793701795328893,3793701795341733,0
57,2,1,430889,430889,520448,256,0,0,12,4,32,64,"void at::native::vectorized_elementwise_kernel<8, at::native::FillFunctor<c10::Half>, std::array<char*, 1ul>>(int, at::native::FillFunctor<c10::Half>, std::array<char*, 1ul>) (.kd)",3793701795382654,3793701795395574,0
58,2,1,430889,430889,428032,256,0,0,12,4,32,64,"void at::native::vectorized_elementwise_kernel<8, at::native::FillFunctor<c10::Half>, std::array<char*, 1ul>>(int, at::native::FillFunctor<c10::Half>, std::array<char*, 1ul>) (.kd)",3793701795436774,3793701795447934,0
59,2,1,430889,430889,486400,256,0,0,12,4,32,64,"void at::native::vectorized_elementwise_kernel<8, at::native::FillFunctor<c10::Half>, std::array<char*, 1ul>>(int, at::native::FillFunctor<c10::Half>, std::array<char*, 1ul>) (.kd)",3793701795491814,3793701795504254,0
60,2,1,430889,430889,295424,256,0,0,12,4,32,64,"void at::native::vectorized_elementwise_kernel<8, at::native::FillFunctor<c10::Half>, std::array<char*, 1ul>>(int, at::native::FillFunctor<c10::Half>, std::array<char*, 1ul>) (.kd)",3793701795544854,3793701795553254,0
61,2,1,430889,430889,331008,256,0,0,12,4,32,64,"void at::native::vectorized_elementwise_kernel<8, at::native::FillFunctor<c10::Half>, std::array<char*, 1ul>>(int, at::native::FillFunctor<c10::Half>, std::array<char*, 1ul>) (.kd)",3793701795593494,3793701795602934,0
62,2,1,430889,430889,164608,256,0,0,12,4,32,64,"void at::native::vectorized_elementwise_kernel<8, at::native::FillFunctor<c10::Half>, std::array<char*, 1ul>>(int, at::native::FillFunctor<c10::Half>, std::array<char*, 1ul>) (.kd)",3793701795643535,3793701795649575,0
63,2,1,430889,430889,483072,256,0,0,12,4,32,64,"void at::native::vectorized_elementwise_kernel<8, at::native::FillFunctor<c10::Half>, std::array<char*, 1ul>>(int, at::native::FillFunctor<c10::Half>, std::array<char*, 1ul>) (.kd)",3793701795690975,3793701795703175,0
64,2,1,430889,430889,334080,256,0,0,12,4,32,64,"void at::native::vectorized_elementwise_kernel<8, at::native::FillFunctor<c10::Half>, std::array<char*, 1ul>>(int, at::native::FillFunctor<c10::Half>, std::array<char*, 1ul>) (.kd)",3793701795742735,3793701795751975,0
65,2,1,430889,430889,189952,256,0,0,12,4,32,64,"void at::native::vectorized_elementwise_kernel<8, at::native::FillFunctor<c10::Half>, std::array<char*, 1ul>>(int, at::native::FillFunctor<c10::Half>, std::array<char*, 1ul>) (.kd)",3793701795792895,3793701795799215,0
66,2,1,430889,430889,315648,256,0,0,12,4,32,64,"void at::native::vectorized_elementwise_kernel<8, at::native::FillFunctor<c10::Half>, std::array<char*, 1ul>>(int, at::native::FillFunctor<c10::Half>, std::array<char*, 1ul>) (.kd)",3793701795841975,3793701795851015,0
67,2,1,430889,430889,521728,256,0,0,12,4,32,64,"void at::native::vectorized_elementwise_kernel<8, at::native::FillFunctor<c10::Half>, std::array<char*, 1ul>>(int, at::native::FillFunctor<c10::Half>, std::array<char*, 1ul>) (.kd)",3793701795907176,3793701795920176,0
68,2,1,430889,430889,386048,256,0,0,12,4,32,64,"void at::native::vectorized_elementwise_kernel<8, at::native::FillFunctor<c10::Half>, std::array<char*, 1ul>>(int, at::native::FillFunctor<c10::Half>, std::array<char*, 1ul>) (.kd)",3793701795960576,3793701795971096,0
69,2,1,430889,430889,427520,256,0,0,12,4,32,64,"void at::native::vectorized_elementwise_kernel<8, at::native::FillFunctor<c10::Half>, std::array<char*, 1ul>>(int, at::native::FillFunctor<c10::Half>, std::array<char*, 1ul>) (.kd)",3793701796011696,3793701796022816,0
70,2,1,430889,430889,218112,256,0,0,12,4,32,64,"void at::native::vectorized_elementwise_kernel<8, at::native::FillFunctor<c10::Half>, std::array<char*, 1ul>>(int, at::native::FillFunctor<c10::Half>, std::array<char*, 1ul>) (.kd)",3793701796062016,3793701796069096,0
71,2,1,430889,430889,86528,256,0,0,12,4,32,64,"void at::native::vectorized_elementwise_kernel<8, at::native::FillFunctor<c10::Half>, std::array<char*, 1ul>>(int, at::native::FillFunctor<c10::Half>, std::array<char*, 1ul>) (.kd)",3793701796109216,3793701796113376,0
72,2,1,430889,430889,553984,256,0,0,12,4,32,64,"void at::native::vectorized_elementwise_kernel<8, at::native::FillFunctor<c10::Half>, std::array<char*, 1ul>>(int, at::native::FillFunctor<c10::Half>, std::array<char*, 1ul>) (.kd)",3793701796154977,3793701796168537,0
73,2,1,430889,430889,461824,256,0,0,12,4,32,64,"void at::native::vectorized_elementwise_kernel<8, at::native::FillFunctor<c10::Half>, std::array<char*, 1ul>>(int, at::native::FillFunctor<c10::Half>, std::array<char*, 1ul>) (.kd)",3793701796210977,3793701796223057,0
74,2,1,430889,430889,92416,256,0,0,12,4,32,64,"void at::native::vectorized_elementwise_kernel<8, at::native::FillFunctor<c10::Half>, std::array<char*, 1ul>>(int, at::native::FillFunctor<c10::Half>, std::array<char*, 1ul>) (.kd)",3793701796262537,3793701796267017,0
75,2,1,430889,430889,645120,256,0,0,12,4,32,64,"void at::native::vectorized_elementwise_kernel<8, at::native::FillFunctor<c10::Half>, std::array<char*, 1ul>>(int, at::native::FillFunctor<c10::Half>, std::array<char*, 1ul>) (.kd)",3793701796308697,3793701796324177,0
76,2,1,430889,430889,443392,256,0,0,12,4,32,64,"void at::native::vectorized_elementwise_kernel<8, at::native::FillFunctor<c10::Half>, std::array<char*, 1ul>>(int, at::native::FillFunctor<c10::Half>, std::array<char*, 1ul>) (.kd)",3793701796364177,3793701796375937,0
77,2,1,430889,430889,645120,256,0,0,12,4,32,64,"void at::native::vectorized_elementwise_kernel<8, at::native::FillFunctor<c10::Half>, std::array<char*, 1ul>>(int, at::native::FillFunctor<c10::Half>, std::array<char*, 1ul>) (.kd)",3793701796417298,3793701796432698,0
78,2,1,430889,430889,249856,256,0,0,12,4,32,64,"void at::native::vectorized_elementwise_kernel<8, at::native::FillFunctor<c10::Half>, std::array<char*, 1ul>>(int, at::native::FillFunctor<c10::Half>, std::array<char*, 1ul>) (.kd)",3793701796473658,3793701796481058,0
79,2,1,430889,430889,209920,256,0,0,12,4,32,64,"void at::native::vectorized_elementwise_kernel<8, at::native::FillFunctor<c10::Half>, std::array<char*, 1ul>>(int, at::native::FillFunctor<c10::Half>, std::array<char*, 1ul>) (.kd)",3793701796523578,3793701796530338,0
80,2,1,430889,430889,466688,256,0,0,12,4,32,64,"void at::native::vectorized_elementwise_kernel<8, at::native::FillFunctor<c10::Half>, std::array<char*, 1ul>>(int, at::native::FillFunctor<c10::Half>, std::array<char*, 1ul>) (.kd)",3793701796570738,3793701796582858,0
81,2,1,430889,430889,174592,256,0,0,12,4,32,64,"void at::native::vectorized_elementwise_kernel<8, at::native::FillFunctor<c10::Half>, std::array<char*, 1ul>>(int, at::native::FillFunctor<c10::Half>, std::array<char*, 1ul>) (.kd)",3793701796623858,3793701796629858,0
82,2,1,430889,430889,12032,256,0,0,12,4,32,64,"void at::native::vectorized_elementwise_kernel<8, at::native::FillFunctor<c10::Half>, std::array<char*, 1ul>>(int, at::native::FillFunctor<c10::Half>, std::array<char*, 1ul>) (.kd)",3793701796669539,3793701796672259,0
83,2,1,430889,430889,345344,256,0,0,12,4,32,64,"void at::native::vectorized_elementwise_kernel<8, at::native::FillFunctor<c10::Half>, std::array<char*, 1ul>>(int, at::native::FillFunctor<c10::Half>, std::array<char*, 1ul>) (.kd)",3793701796715019,3793701796724779,0
84,2,1,430889,430889,344064,256,0,0,12,4,32,64,"void at::native::vectorized_elementwise_kernel<8, at::native::FillFunctor<c10::Half>, std::array<char*, 1ul>>(int, at::native::FillFunctor<c10::Half>, std::array<char*, 1ul>) (.kd)",3793701796764779,3793701796774179,0
85,2,1,430889,430889,377856,256,0,0,12,4,32,64,"void at::native::vectorized_elementwise_kernel<8, at::native::FillFunctor<c10::Half>, std::array<char*, 1ul>>(int, at::native::FillFunctor<c10::Half>, std::array<char*, 1ul>) (.kd)",3793701796815339,3793701796825379,0
86,2,1,430889,430889,329216,256,0,0,12,4,32,64,"void at::native::vectorized_elementwise_kernel<8, at::native::FillFunctor<c10::Half>, std::array<char*, 1ul>>(int, at::native::FillFunctor<c10::Half>, std::array<char*, 1ul>) (.kd)",3793701796865339,3793701796874539,0
87,2,1,430889,430889,496896,256,0,0,12,4,32,64,"void at::native::vectorized_elementwise_kernel<8, at::native::FillFunctor<c10::Half>, std::array<char*, 1ul>>(int, at::native::FillFunctor<c10::Half>, std::array<char*, 1ul>) (.kd)",3793701796915700,3793701796928220,0
88,2,1,430889,430889,645120,256,0,0,12,4,32,64,"void at::native::vectorized_elementwise_kernel<8, at::native::FillFunctor<c10::Half>, std::array<char*, 1ul>>(int, at::native::FillFunctor<c10::Half>, std::array<char*, 1ul>) (.kd)",3793701796969620,3793701796984900,0
89,2,1,430889,430889,447488,256,0,0,12,4,32,64,"void at::native::vectorized_elementwise_kernel<8, at::native::FillFunctor<c10::Half>, std::array<char*, 1ul>>(int, at::native::FillFunctor<c10::Half>, std::array<char*, 1ul>) (.kd)",3793701797027140,3793701797038620,0
90,2,1,430889,430889,373760,256,0,0,12,4,32,64,"void at::native::vectorized_elementwise_kernel<8, at::native::FillFunctor<c10::Half>, std::array<char*, 1ul>>(int, at::native::FillFunctor<c10::Half>, std::array<char*, 1ul>) (.kd)",3793701797078180,3793701797088100,0
91,2,1,430889,430889,440832,256,0,0,12,4,32,64,"void at::native::vectorized_elementwise_kernel<8, at::native::FillFunctor<c10::Half>, std::array<char*, 1ul>>(int, at::native::FillFunctor<c10::Half>, std::array<char*, 1ul>) (.kd)",3793701797129220,3793701797140580,0
92,2,1,430889,430889,162304,256,0,0,12,4,32,64,"void at::native::vectorized_elementwise_kernel<8, at::native::FillFunctor<c10::Half>, std::array<char*, 1ul>>(int, at::native::FillFunctor<c10::Half>, std::array<char*, 1ul>) (.kd)",3793701797181621,3793701797187621,0
93,2,1,430889,430889,331520,256,0,0,12,4,32,64,"void at::native::vectorized_elementwise_kernel<8, at::native::FillFunctor<c10::Half>, std::array<char*, 1ul>>(int, at::native::FillFunctor<c10::Half>, std::array<char*, 1ul>) (.kd)",3793701797231221,3793701797240421,0
94,2,1,430889,430889,353024,256,0,0,12,4,32,64,"void at::native::vectorized_elementwise_kernel<8, at::native::FillFunctor<c10::Half>, std::array<char*, 1ul>>(int, at::native::FillFunctor<c10::Half>, std::array<char*, 1ul>) (.kd)",3793701797280341,3793701797290181,0
95,2,1,430889,430889,504576,256,0,0,12,4,32,64,"void at::native::vectorized_elementwise_kernel<8, at::native::FillFunctor<c10::Half>, std::array<char*, 1ul>>(int, at::native::FillFunctor<c10::Half>, std::array<char*, 1ul>) (.kd)",3793701797330461,3793701797343301,0
96,2,1,430889,430889,367104,256,0,0,12,4,32,64,"void at::native::vectorized_elementwise_kernel<8, at::native::FillFunctor<c10::Half>, std::array<char*, 1ul>>(int, at::native::FillFunctor<c10::Half>, std::array<char*, 1ul>) (.kd)",3793701797383381,3793701797393581,0
97,2,1,430889,430889,428800,256,0,0,12,4,32,64,"void at::native::vectorized_elementwise_kernel<8, at::native::FillFunctor<c10::Half>, std::array<char*, 1ul>>(int, at::native::FillFunctor<c10::Half>, std::array<char*, 1ul>) (.kd)",3793701797433422,3793701797444622,0
98,2,1,430889,430889,569088,256,0,0,12,4,32,64,"void at::native::vectorized_elementwise_kernel<8, at::native::FillFunctor<c10::Half>, std::array<char*, 1ul>>(int, at::native::FillFunctor<c10::Half>, std::array<char*, 1ul>) (.kd)",3793701797485142,3793701797498782,0
99,2,1,430889,430889,342272,256,0,0,12,4,32,64,"void at::native::vectorized_elementwise_kernel<8, at::native::FillFunctor<c10::Half>, std::array<char*, 1ul>>(int, at::native::FillFunctor<c10::Half>, std::array<char*, 1ul>) (.kd)",3793701797539822,3793701797549182,0
100,2,1,430889,430889,295424,256,0,0,12,4,32,64,"void at::native::vectorized_elementwise_kernel<8, at::native::FillFunctor<c10::Half>, std::array<char*, 1ul>>(int, at::native::FillFunctor<c10::Half>, std::array<char*, 1ul>) (.kd)",3793701797590302,3793701797598702,0
101,2,1,430889,430889,465152,256,0,0,12,4,32,64,"void at::native::vectorized_elementwise_kernel<8, at::native::FillFunctor<c10::Half>, std::array<char*, 1ul>>(int, at::native::FillFunctor<c10::Half>, std::array<char*, 1ul>) (.kd)",3793701797639502,3793701797651302,0
102,2,1,430889,430889,432640,256,0,0,12,4,32,64,"void at::native::vectorized_elementwise_kernel<8, at::native::FillFunctor<c10::Half>, std::array<char*, 1ul>>(int, at::native::FillFunctor<c10::Half>, std::array<char*, 1ul>) (.kd)",3793701797692823,3793701797704423,0
103,2,1,430889,430889,276480,256,0,0,12,4,32,64,"void at::native::vectorized_elementwise_kernel<8, at::native::FillFunctor<c10::Half>, std::array<char*, 1ul>>(int, at::native::FillFunctor<c10::Half>, std::array<char*, 1ul>) (.kd)",3793701797745343,3793701797753223,0
104,2,1,430889,430889,335616,256,0,0,12,4,32,64,"void at::native::vectorized_elementwise_kernel<8, at::native::FillFunctor<c10::Half>, std::array<char*, 1ul>>(int, at::native::FillFunctor<c10::Half>, std::array<char*, 1ul>) (.kd)",3793701797798063,3793701797807423,0
105,2,1,430889,430889,354560,256,0,0,12,4,32,64,"void at::native::vectorized_elementwise_kernel<8, at::native::FillFunctor<c10::Half>, std::array<char*, 1ul>>(int, at::native::FillFunctor<c10::Half>, std::array<char*, 1ul>) (.kd)",3793701797848263,3793701797858063,0
106,2,1,430889,430889,430080,256,0,0,12,4,32,64,"void at::native::vectorized_elementwise_kernel<8, at::native::FillFunctor<c10::Half>, std::array<char*, 1ul>>(int, at::native::FillFunctor<c10::Half>, std::array<char*, 1ul>) (.kd)",3793701797902343,3793701797913823,0
107,2,1,430889,430889,338944,256,0,0,12,4,32,64,"void at::native::vectorized_elementwise_kernel<8, at::native::FillFunctor<c10::Half>, std::array<char*, 1ul>>(int, at::native::FillFunctor<c10::Half>, std::array<char*, 1ul>) (.kd)",3793701797956424,3793701797965784,0
108,2,1,430889,430889,353024,256,0,0,12,4,32,64,"void at::native::vectorized_elementwise_kernel<8, at::native::FillFunctor<c10::Half>, std::array<char*, 1ul>>(int, at::native::FillFunctor<c10::Half>, std::array<char*, 1ul>) (.kd)",3793701798006264,3793701798015944,0
109,2,1,430889,430889,554240,256,0,0,12,4,32,64,"void at::native::vectorized_elementwise_kernel<8, at::native::FillFunctor<c10::Half>, std::array<char*, 1ul>>(int, at::native::FillFunctor<c10::Half>, std::array<char*, 1ul>) (.kd)",3793701798057344,3793701798071224,0
110,2,1,430889,430889,468480,256,0,0,12,4,32,64,"void at::native::vectorized_elementwise_kernel<8, at::native::FillFunctor<c10::Half>, std::array<char*, 1ul>>(int, at::native::FillFunctor<c10::Half>, std::array<char*, 1ul>) (.kd)",3793701798111504,3793701798123664,0
111,2,1,430889,430889,382208,256,0,0,12,4,32,64,"void at::native::vectorized_elementwise_kernel<8, at::native::FillFunctor<c10::Half>, std::array<char*, 1ul>>(int, at::native::FillFunctor<c10::Half>, std::array<char*, 1ul>) (.kd)",3793701798164264,3793701798174864,0
112,2,1,430889,430889,186112,256,0,0,12,4,32,64,"void at::native::vectorized_elementwise_kernel<8, at::native::FillFunctor<c10::Half>, std::array<char*, 1ul>>(int, at::native::FillFunctor<c10::Half>, std::array<char*, 1ul>) (.kd)",3793701798214825,3793701798221185,0
113,2,1,430889,430889,149248,256,0,0,12,4,32,64,"void at::native::vectorized_elementwise_kernel<8, at::native::FillFunctor<c10::Half>, std::array<char*, 1ul>>(int, at::native::FillFunctor<c10::Half>, std::array<char*, 1ul>) (.kd)",3793701798261065,3793701798266705,0
114,2,1,430889,430889,511232,256,0,0,12,4,32,64,"void at::native::vectorized_elementwise_kernel<8, at::native::FillFunctor<c10::Half>, std::array<char*, 1ul>>(int, at::native::FillFunctor<c10::Half>, std::array<char*, 1ul>) (.kd)",3793701798307945,3793701798320985,0
115,2,1,430889,430889,492288,256,0,0,12,4,32,64,"void at::native::vectorized_elementwise_kernel<8, at::native::FillFunctor<c10::Half>, std::array<char*, 1ul>>(int, at::native::FillFunctor<c10::Half>, std::array<char*, 1ul>) (.kd)",3793701798362745,3793701798375185,0
116,2,1,430889,430889,387072,256,0,0,12,4,32,64,"void at::native::vectorized_elementwise_kernel<8, at::native::FillFunctor<c10::Half>, std::array<char*, 1ul>>(int, at::native::FillFunctor<c10::Half>, std::array<char*, 1ul>) (.kd)",3793701798416665,3793701798427145,0
117,2,1,430889,430889,478976,256,0,0,12,4,32,64,"void at::native::vectorized_elementwise_kernel<8, at::native::FillFunctor<c10::Half>, std::array<char*, 1ul>>(int, at::native::FillFunctor<c10::Half>, std::array<char*, 1ul>) (.kd)",3793701798466546,3793701798478666,0
118,2,1,430889,430889,432128,256,0,0,12,4,32,64,"void at::native::vectorized_elementwise_kernel<8, at::native::FillFunctor<c10::Half>, std::array<char*, 1ul>>(int, at::native::FillFunctor<c10::Half>, std::array<char*, 1ul>) (.kd)",3793701798518586,3793701798530066,0
119,2,1,430889,430889,198656,256,0,0,12,4,32,64,"void at::native::vectorized_elementwise_kernel<8, at::native::FillFunctor<c10::Half>, std::array<char*, 1ul>>(int, at::native::FillFunctor<c10::Half>, std::array<char*, 1ul>) (.kd)",3793701798571066,3793701798577586,0
120,2,1,430889,430889,216320,256,0,0,12,4,32,64,"void at::native::vectorized_elementwise_kernel<8, at::native::FillFunctor<c10::Half>, std::array<char*, 1ul>>(int, at::native::FillFunctor<c10::Half>, std::array<char*, 1ul>) (.kd)",3793701798617746,3793701798624586,0
121,2,1,430889,430889,409088,256,0,0,12,4,32,64,"void at::native::vectorized_elementwise_kernel<8, at::native::FillFunctor<c10::Half>, std::array<char*, 1ul>>(int, at::native::FillFunctor<c10::Half>, std::array<char*, 1ul>) (.kd)",3793701798664946,3793701798675826,0
122,2,1,430889,430889,512512,256,0,0,12,4,32,64,"void at::native::vectorized_elementwise_kernel<8, at::native::FillFunctor<c10::Half>, std::array<char*, 1ul>>(int, at::native::FillFunctor<c10::Half>, std::array<char*, 1ul>) (.kd)",3793701798716826,3793701798729827,0
123,2,1,430889,430889,611072,256,0,0,12,4,32,64,"void at::native::vectorized_elementwise_kernel<8, at::native::FillFunctor<c10::Half>, std::array<char*, 1ul>>(int, at::native::FillFunctor<c10::Half>, std::array<char*, 1ul>) (.kd)",3793701798771307,3793701798786187,0
124,2,1,430889,430889,445696,256,0,0,12,4,32,64,"void at::native::vectorized_elementwise_kernel<8, at::native::FillFunctor<c10::Half>, std::array<char*, 1ul>>(int, at::native::FillFunctor<c10::Half>, std::array<char*, 1ul>) (.kd)",3793701798826947,3793701798838507,0
125,2,1,430889,430889,486144,256,0,0,12,4,32,64,"void at::native::vectorized_elementwise_kernel<8, at::native::FillFunctor<c10::Half>, std::array<char*, 1ul>>(int, at::native::FillFunctor<c10::Half>, std::array<char*, 1ul>) (.kd)",3793701798879147,3793701798891587,0
126,2,1,430889,430889,224512,256,0,0,12,4,32,64,"void at::native::vectorized_elementwise_kernel<8, at::native::FillFunctor<c10::Half>, std::array<char*, 1ul>>(int, at::native::FillFunctor<c10::Half>, std::array<char*, 1ul>) (.kd)",3793701798932747,3793701798939547,0
127,2,1,430889,430889,225280,256,0,0,12,4,32,64,"void at::native::vectorized_elementwise_kernel<8, at::native::FillFunctor<c10::Half>, std::array<char*, 1ul>>(int, at::native::FillFunctor<c10::Half>, std::array<char*, 1ul>) (.kd)",3793701798984468,3793701798991508,0
128,2,1,430889,430889,225792,256,0,0,12,4,32,64,"void at::native::vectorized_elementwise_kernel<8, at::native::FillFunctor<c10::Half>, std::array<char*, 1ul>>(int, at::native::FillFunctor<c10::Half>, std::array<char*, 1ul>) (.kd)",3793701799031668,3793701799038668,0
129,2,1,430889,430889,449792,256,0,0,12,4,32,64,"void at::native::vectorized_elementwise_kernel<8, at::native::FillFunctor<c10::Half>, std::array<char*, 1ul>>(int, at::native::FillFunctor<c10::Half>, std::array<char*, 1ul>) (.kd)",3793701799078788,3793701799090228,0
130,2,1,430889,430889,484864,256,0,0,12,4,32,64,"void at::native::vectorized_elementwise_kernel<8, at::native::FillFunctor<c10::Half>, std::array<char*, 1ul>>(int, at::native::FillFunctor<c10::Half>, std::array<char*, 1ul>) (.kd)",3793701799138028,3793701799150268,0
131,2,1,430889,430889,393216,256,0,0,12,4,32,64,"void at::native::vectorized_elementwise_kernel<8, at::native::FillFunctor<c10::Half>, std::array<char*, 1ul>>(int, at::native::FillFunctor<c10::Half>, std::array<char*, 1ul>) (.kd)",3793701799197788,3793701799208508,0
132,2,1,430889,430889,645120,256,0,0,12,4,32,64,"void at::native::vectorized_elementwise_kernel<8, at::native::FillFunctor<c10::Half>, std::array<char*, 1ul>>(int, at::native::FillFunctor<c10::Half>, std::array<char*, 1ul>) (.kd)",3793701799253829,3793701799269389,0
133,2,1,430889,430889,527360,256,0,0,12,4,32,64,"void at::native::vectorized_elementwise_kernel<8, at::native::FillFunctor<c10::Half>, std::array<char*, 1ul>>(int, at::native::FillFunctor<c10::Half>, std::array<char*, 1ul>) (.kd)",3793701799317349,3793701799330509,0
134,2,1,430889,430889,338432,256,0,0,12,4,32,64,"void at::native::vectorized_elementwise_kernel<8, at::native::FillFunctor<c10::Half>, std::array<char*, 1ul>>(int, at::native::FillFunctor<c10::Half>, std::array<char*, 1ul>) (.kd)",3793701799376469,3793701799385629,0
135,2,1,430889,430889,645120,256,0,0,12,4,32,64,"void at::native::vectorized_elementwise_kernel<8, at::native::FillFunctor<c10::Half>, std::array<char*, 1ul>>(int, at::native::FillFunctor<c10::Half>, std::array<char*, 1ul>) (.kd)",3793701799433629,3793701799449109,0
136,2,1,430889,430889,135168,256,0,0,12,4,32,64,"void at::native::vectorized_elementwise_kernel<8, at::native::FillFunctor<c10::Half>, std::array<char*, 1ul>>(int, at::native::FillFunctor<c10::Half>, std::array<char*, 1ul>) (.kd)",3793701799497789,3793701799502909,0
137,2,1,430889,430889,201728,256,0,0,12,4,32,64,"void at::native::vectorized_elementwise_kernel<8, at::native::FillFunctor<c10::Half>, std::array<char*, 1ul>>(int, at::native::FillFunctor<c10::Half>, std::array<char*, 1ul>) (.kd)",3793701799551910,3793701799558510,0
138,2,1,430889,430889,64,64,32768,0,52,4,32,64,"void kn_get_mla_metadata<FlashMlaKernelTrait<576, 512, 64, 16, 4>>(int*, int*, int const*, int, int) (.kd)",3793701907095818,3793701907157458,0
139,2,1,430889,430889,131072,256,0,0,12,4,32,64,"void at::native::vectorized_elementwise_kernel<8, at::native::FillFunctor<c10::Half>, std::array<char*, 1ul>>(int, at::native::FillFunctor<c10::Half>, std::array<char*, 1ul>) (.kd)",3793701907247418,3793701907254578,0
140,2,1,430889,430889,512,256,0,0,12,4,32,64,"void at::native::vectorized_elementwise_kernel<4, at::native::FillFunctor<float>, std::array<char*, 1ul>>(int, at::native::FillFunctor<float>, std::array<char*, 1ul>) (.kd)",3793701907267418,3793701907270338,0
141,2,1,430889,430889,1024,256,0,0,12,4,32,64,"void at::native::vectorized_elementwise_kernel<4, at::native::FillFunctor<float>, std::array<char*, 1ul>>(int, at::native::FillFunctor<float>, std::array<char*, 1ul>) (.kd)",3793701907281018,3793701907282898,0
142,2,1,430889,430889,425984,256,0,0,12,4,32,64,"void at::native::vectorized_elementwise_kernel<4, at::native::FillFunctor<float>, std::array<char*, 1ul>>(int, at::native::FillFunctor<float>, std::array<char*, 1ul>) (.kd)",3793701907293578,3793701907299098,0
143,2,1,430889,430889,20480,256,40448,888,128,0,96,64,"void flash_fwd_splitkv_mla_kernel_lds<FlashMlaKernelTrait<576, 512, 64, 16, 4>, _Float16, float, true>(FlashMlaFwdParams) (.kd)",3793701910430710,3793701925230527,0
144,2,1,430889,430889,262144,128,512,64,44,4,48,64,"void kn_fmla_fwd_splictkv_combine<FlashMlaKernelTrait<576, 512, 64, 16, 4>, 96, _Float16>(FlashMlaFwdParams) (.kd)",3793701925241487,3793701925248887,0
145,2,1,430889,430889,131072,256,0,0,12,4,32,64,"void at::native::vectorized_elementwise_kernel<8, at::native::FillFunctor<c10::Half>, std::array<char*, 1ul>>(int, at::native::FillFunctor<c10::Half>, std::array<char*, 1ul>) (.kd)",3793701925259407,3793701925264927,0
146,2,1,430889,430889,512,256,0,0,12,4,32,64,"void at::native::vectorized_elementwise_kernel<4, at::native::FillFunctor<float>, std::array<char*, 1ul>>(int, at::native::FillFunctor<float>, std::array<char*, 1ul>) (.kd)",3793701925276207,3793701925278007,0
147,2,1,430889,430889,1024,256,0,0,12,4,32,64,"void at::native::vectorized_elementwise_kernel<4, at::native::FillFunctor<float>, std::array<char*, 1ul>>(int, at::native::FillFunctor<float>, std::array<char*, 1ul>) (.kd)",3793701925288647,3793701925290327,0
148,2,1,430889,430889,425984,256,0,0,12,4,32,64,"void at::native::vectorized_elementwise_kernel<4, at::native::FillFunctor<float>, std::array<char*, 1ul>>(int, at::native::FillFunctor<float>, std::array<char*, 1ul>) (.kd)",3793701925300727,3793701925307967,0
149,2,1,430889,430889,20480,256,40448,888,128,0,96,64,"void flash_fwd_splitkv_mla_kernel_lds<FlashMlaKernelTrait<576, 512, 64, 16, 4>, _Float16, float, true>(FlashMlaFwdParams) (.kd)",3793701925318407,3793701939959943,0
150,2,1,430889,430889,262144,128,512,64,44,4,48,64,"void kn_fmla_fwd_splictkv_combine<FlashMlaKernelTrait<576, 512, 64, 16, 4>, 96, _Float16>(FlashMlaFwdParams) (.kd)",3793701939970263,3793701939976983,0
151,2,1,430889,430889,131072,256,0,0,12,4,32,64,"void at::native::vectorized_elementwise_kernel<8, at::native::FillFunctor<c10::Half>, std::array<char*, 1ul>>(int, at::native::FillFunctor<c10::Half>, std::array<char*, 1ul>) (.kd)",3793701939987584,3793701939991824,0
152,2,1,430889,430889,512,256,0,0,12,4,32,64,"void at::native::vectorized_elementwise_kernel<4, at::native::FillFunctor<float>, std::array<char*, 1ul>>(int, at::native::FillFunctor<float>, std::array<char*, 1ul>) (.kd)",3793701940002664,3793701940003504,0
153,2,1,430889,430889,1024,256,0,0,12,4,32,64,"void at::native::vectorized_elementwise_kernel<4, at::native::FillFunctor<float>, std::array<char*, 1ul>>(int, at::native::FillFunctor<float>, std::array<char*, 1ul>) (.kd)",3793701940013944,3793701940015464,0
154,2,1,430889,430889,425984,256,0,0,12,4,32,64,"void at::native::vectorized_elementwise_kernel<4, at::native::FillFunctor<float>, std::array<char*, 1ul>>(int, at::native::FillFunctor<float>, std::array<char*, 1ul>) (.kd)",3793701940026024,3793701940034904,0
155,2,1,430889,430889,20480,256,40448,888,128,0,96,64,"void flash_fwd_splitkv_mla_kernel_lds<FlashMlaKernelTrait<576, 512, 64, 16, 4>, _Float16, float, true>(FlashMlaFwdParams) (.kd)",3793701940045504,3793701954677680,0
156,2,1,430889,430889,262144,128,512,64,44,4,48,64,"void kn_fmla_fwd_splictkv_combine<FlashMlaKernelTrait<576, 512, 64, 16, 4>, 96, _Float16>(FlashMlaFwdParams) (.kd)",3793701954688160,3793701954694800,0
157,2,1,430889,430889,131072,256,0,0,12,4,32,64,"void at::native::vectorized_elementwise_kernel<8, at::native::FillFunctor<c10::Half>, std::array<char*, 1ul>>(int, at::native::FillFunctor<c10::Half>, std::array<char*, 1ul>) (.kd)",3793701954705440,3793701954709680,0
158,2,1,430889,430889,512,256,0,0,12,4,32,64,"void at::native::vectorized_elementwise_kernel<4, at::native::FillFunctor<float>, std::array<char*, 1ul>>(int, at::native::FillFunctor<float>, std::array<char*, 1ul>) (.kd)",3793701954720640,3793701954722000,0
159,2,1,430889,430889,1024,256,0,0,12,4,32,64,"void at::native::vectorized_elementwise_kernel<4, at::native::FillFunctor<float>, std::array<char*, 1ul>>(int, at::native::FillFunctor<float>, std::array<char*, 1ul>) (.kd)",3793701954732640,3793701954734160,0
160,2,1,430889,430889,425984,256,0,0,12,4,32,64,"void at::native::vectorized_elementwise_kernel<4, at::native::FillFunctor<float>, std::array<char*, 1ul>>(int, at::native::FillFunctor<float>, std::array<char*, 1ul>) (.kd)",3793701954744400,3793701954750960,0
161,2,1,430889,430889,20480,256,40448,888,128,0,96,64,"void flash_fwd_splitkv_mla_kernel_lds<FlashMlaKernelTrait<576, 512, 64, 16, 4>, _Float16, float, true>(FlashMlaFwdParams) (.kd)",3793701954761720,3793701969413537,0
162,2,1,430889,430889,262144,128,512,64,44,4,48,64,"void kn_fmla_fwd_splictkv_combine<FlashMlaKernelTrait<576, 512, 64, 16, 4>, 96, _Float16>(FlashMlaFwdParams) (.kd)",3793701969423777,3793701969430417,0
163,2,1,430889,430889,131072,256,0,0,12,4,32,64,"void at::native::vectorized_elementwise_kernel<8, at::native::FillFunctor<c10::Half>, std::array<char*, 1ul>>(int, at::native::FillFunctor<c10::Half>, std::array<char*, 1ul>) (.kd)",3793701969440897,3793701969445217,0
164,2,1,430889,430889,512,256,0,0,12,4,32,64,"void at::native::vectorized_elementwise_kernel<4, at::native::FillFunctor<float>, std::array<char*, 1ul>>(int, at::native::FillFunctor<float>, std::array<char*, 1ul>) (.kd)",3793701969455977,3793701969456817,0
165,2,1,430889,430889,1024,256,0,0,12,4,32,64,"void at::native::vectorized_elementwise_kernel<4, at::native::FillFunctor<float>, std::array<char*, 1ul>>(int, at::native::FillFunctor<float>, std::array<char*, 1ul>) (.kd)",3793701969467617,3793701969469097,0
166,2,1,430889,430889,425984,256,0,0,12,4,32,64,"void at::native::vectorized_elementwise_kernel<4, at::native::FillFunctor<float>, std::array<char*, 1ul>>(int, at::native::FillFunctor<float>, std::array<char*, 1ul>) (.kd)",3793701969479657,3793701969487337,0
167,2,1,430889,430889,20480,256,40448,888,128,0,96,64,"void flash_fwd_splitkv_mla_kernel_lds<FlashMlaKernelTrait<576, 512, 64, 16, 4>, _Float16, float, true>(FlashMlaFwdParams) (.kd)",3793701969498217,3793701984166873,0
168,2,1,430889,430889,262144,128,512,64,44,4,48,64,"void kn_fmla_fwd_splictkv_combine<FlashMlaKernelTrait<576, 512, 64, 16, 4>, 96, _Float16>(FlashMlaFwdParams) (.kd)",3793701984177313,3793701984184073,0
169,2,1,430889,430889,131072,256,0,0,12,4,32,64,"void at::native::vectorized_elementwise_kernel<8, at::native::FillFunctor<c10::Half>, std::array<char*, 1ul>>(int, at::native::FillFunctor<c10::Half>, std::array<char*, 1ul>) (.kd)",3793701984194513,3793701984198553,1
170,2,1,430889,430889,512,256,0,0,12,4,32,64,"void at::native::vectorized_elementwise_kernel<4, at::native::FillFunctor<float>, std::array<char*, 1ul>>(int, at::native::FillFunctor<float>, std::array<char*, 1ul>) (.kd)",3793701984212793,3793701984214113,2
171,2,1,430889,430889,1024,256,0,0,12,4,32,64,"void at::native::vectorized_elementwise_kernel<4, at::native::FillFunctor<float>, std::array<char*, 1ul>>(int, at::native::FillFunctor<float>, std::array<char*, 1ul>) (.kd)",3793701984227993,3793701984229353,3
172,2,1,430889,430889,425984,256,0,0,12,4,32,64,"void at::native::vectorized_elementwise_kernel<4, at::native::FillFunctor<float>, std::array<char*, 1ul>>(int, at::native::FillFunctor<float>, std::array<char*, 1ul>) (.kd)",3793701984243273,3793701984248833,4
173,2,1,430889,430889,20480,256,40448,888,128,0,96,64,"void flash_fwd_splitkv_mla_kernel_lds<FlashMlaKernelTrait<576, 512, 64, 16, 4>, _Float16, float, true>(FlashMlaFwdParams) (.kd)",3793701984262873,3793701998981210,5
174,2,1,430889,430889,262144,128,512,64,44,4,48,64,"void kn_fmla_fwd_splictkv_combine<FlashMlaKernelTrait<576, 512, 64, 16, 4>, 96, _Float16>(FlashMlaFwdParams) (.kd)",3793701998995450,3793701999002170,6
175,2,1,430889,430889,131072,256,0,0,12,4,32,64,"void at::native::vectorized_elementwise_kernel<8, at::native::FillFunctor<c10::Half>, std::array<char*, 1ul>>(int, at::native::FillFunctor<c10::Half>, std::array<char*, 1ul>) (.kd)",3793701999016450,3793701999021010,7
176,2,1,430889,430889,512,256,0,0,12,4,32,64,"void at::native::vectorized_elementwise_kernel<4, at::native::FillFunctor<float>, std::array<char*, 1ul>>(int, at::native::FillFunctor<float>, std::array<char*, 1ul>) (.kd)",3793701999035610,3793701999036450,8
177,2,1,430889,430889,1024,256,0,0,12,4,32,64,"void at::native::vectorized_elementwise_kernel<4, at::native::FillFunctor<float>, std::array<char*, 1ul>>(int, at::native::FillFunctor<float>, std::array<char*, 1ul>) (.kd)",3793701999051170,3793701999052490,9
178,2,1,430889,430889,425984,256,0,0,12,4,32,64,"void at::native::vectorized_elementwise_kernel<4, at::native::FillFunctor<float>, std::array<char*, 1ul>>(int, at::native::FillFunctor<float>, std::array<char*, 1ul>) (.kd)",3793701999066650,3793701999074250,10
179,2,1,430889,430889,20480,256,40448,888,128,0,96,64,"void flash_fwd_splitkv_mla_kernel_lds<FlashMlaKernelTrait<576, 512, 64, 16, 4>, _Float16, float, true>(FlashMlaFwdParams) (.kd)",3793701999089330,3793702013738787,11
180,2,1,430889,430889,262144,128,512,64,44,4,48,64,"void kn_fmla_fwd_splictkv_combine<FlashMlaKernelTrait<576, 512, 64, 16, 4>, 96, _Float16>(FlashMlaFwdParams) (.kd)",3793702013752587,3793702013759347,12
181,2,1,430889,430889,131072,256,0,0,12,4,32,64,"void at::native::vectorized_elementwise_kernel<8, at::native::FillFunctor<c10::Half>, std::array<char*, 1ul>>(int, at::native::FillFunctor<c10::Half>, std::array<char*, 1ul>) (.kd)",3793702013773507,3793702013777547,13
182,2,1,430889,430889,512,256,0,0,12,4,32,64,"void at::native::vectorized_elementwise_kernel<4, at::native::FillFunctor<float>, std::array<char*, 1ul>>(int, at::native::FillFunctor<float>, std::array<char*, 1ul>) (.kd)",3793702013792067,3793702013793347,14
183,2,1,430889,430889,1024,256,0,0,12,4,32,64,"void at::native::vectorized_elementwise_kernel<4, at::native::FillFunctor<float>, std::array<char*, 1ul>>(int, at::native::FillFunctor<float>, std::array<char*, 1ul>) (.kd)",3793702013807107,3793702013808627,15
184,2,1,430889,430889,425984,256,0,0,12,4,32,64,"void at::native::vectorized_elementwise_kernel<4, at::native::FillFunctor<float>, std::array<char*, 1ul>>(int, at::native::FillFunctor<float>, std::array<char*, 1ul>) (.kd)",3793702013822347,3793702013831187,16
185,2,1,430889,430889,20480,256,40448,888,128,0,96,64,"void flash_fwd_splitkv_mla_kernel_lds<FlashMlaKernelTrait<576, 512, 64, 16, 4>, _Float16, float, true>(FlashMlaFwdParams) (.kd)",3793702013845307,3793702028486404,17
186,2,1,430889,430889,262144,128,512,64,44,4,48,64,"void kn_fmla_fwd_splictkv_combine<FlashMlaKernelTrait<576, 512, 64, 16, 4>, 96, _Float16>(FlashMlaFwdParams) (.kd)",3793702028500084,3793702028506724,18
